,timestamp,source host,destination,username
0,2022-02-02 00:00:00,Mac-312,comp 880,Jason Williams
143,2022-02-02 00:02:00,server830,Comp 168,James Keller
286,2022-02-02 00:05:00,esx-591,esx-68,John Fernandez
429,2022-02-02 00:08:00,server763,Comp 73,Jeanette Mull
72,2022-02-02 00:11:00,Mac-69,Server-machine-821,Kristin Wyckoff
215,2022-02-02 00:14:00,srv-10,mac-527,Sandra Musumeci
358,2022-02-02 00:17:00,esx-183,server797,Kelly Stark
1,2022-02-02 00:20:00,Comp 862,esx-614,Antonio Martin
144,2022-02-02 00:23:00,mac-939,srv-54,Mary Booker
287,2022-02-02 00:25:00,srv-574,esx-516,Gerald Johnson
430,2022-02-02 00:28:00,Mac-847,server44,Duane Carrillo
73,2022-02-02 00:31:00,server984,srv-949,Andrew Child
216,2022-02-02 00:34:00,Server-machine-434,srv-773,Babara Taul
359,2022-02-02 00:37:00,Comp 494,srv-500,Jamie Childress
2,2022-02-02 00:40:00,Server-machine-208,Server-machine-740,Dean Thornton
145,2022-02-02 00:43:00,esx-561,mac-992,Mary Gibson
288,2022-02-02 00:46:00,esx-784,server403,Nina Hirko
431,2022-02-02 00:48:00,comp 811,srv-821,Carmen Chancellor
74,2022-02-02 00:51:00,esx-207,server505,Melissa Doolittle
217,2022-02-02 00:54:00,comp 759,mac-825,Essie Russell
360,2022-02-02 00:57:00,Server-machine-146,esx-22,Denise Williams
3,2022-02-02 01:00:00,srv-510,Mac-521,Octavio Mack
146,2022-02-02 01:03:00,Mac-386,comp 458,Betty Guthrie
289,2022-02-02 01:06:00,Server-machine-259,mac-816,John Thurston
432,2022-02-02 01:09:00,Comp 566,Mac-277,Seth Sainz
75,2022-02-02 01:12:00,esx-693,mac-807,William Kelley
218,2022-02-02 01:14:00,mac-381,srv-927,Rigoberto Gardner
361,2022-02-02 01:17:00,mac-512,Server-machine-126,Lavette Patel
4,2022-02-02 01:20:00,Comp 559,comp 731,Robert Flies
147,2022-02-02 01:23:00,Server-machine-684,srv-920,Dalia Fields
290,2022-02-02 01:26:00,Comp 8,mac-580,Luis Mantel
433,2022-02-02 01:29:00,Comp 720,esx-276,Eva Valencia
76,2022-02-02 01:32:00,comp 415,Comp 454,Glenn Holman
219,2022-02-02 01:35:00,server787,Comp 267,Claudia Blackmore
362,2022-02-02 01:37:00,srv-28,server434,Hazel Perez
5,2022-02-02 01:40:00,server169,esx-219,Beatrice Miller
148,2022-02-02 01:43:00,esx-137,mac-226,Betty Feldman
291,2022-02-02 01:46:00,srv-798,Server-machine-6,Lyn Thomas
434,2022-02-02 01:49:00,Server-machine-131,esx-499,Shelby Gillett
77,2022-02-02 01:52:00,Mac-186,comp 640,Blanche Goble
220,2022-02-02 01:55:00,Mac-155,comp 446,Beverly Wilson
363,2022-02-02 01:58:00,Comp 58,server605,Allen Benjamin
6,2022-02-02 02:00:00,Mac-732,server582,Robert Conner
149,2022-02-02 02:03:00,esx-250,esx-281,Wanda Sadowski
292,2022-02-02 02:06:00,srv-216,comp 646,John Eversmeyer
435,2022-02-02 02:09:00,Comp 691,esx-224,Edward Hok
78,2022-02-02 02:12:00,mac-44,esx-475,Annette Arnold
221,2022-02-02 02:15:00,Comp 459,server141,Donna Opie
364,2022-02-02 02:18:00,server396,srv-338,Dorothy Padilla
7,2022-02-02 02:21:00,Server-machine-299,esx-565,Jason Milburn
150,2022-02-02 02:24:00,comp 636,server700,Harvey White
293,2022-02-02 02:26:00,mac-26,Comp 477,Peter Mendieta
436,2022-02-02 02:29:00,mac-831,comp 164,Rodney White
79,2022-02-02 02:32:00,esx-101,comp 485,Carleen Easley
222,2022-02-02 02:35:00,Comp 834,Mac-754,Laurie Sanos
365,2022-02-02 02:38:00,server97,Mac-228,Duane Acosta
8,2022-02-02 02:41:00,Comp 33,esx-581,Elizabeth Hernandez
151,2022-02-02 02:44:00,comp 581,server544,Philip Reynolds
294,2022-02-02 02:47:00,srv-610,Comp 585,John Mann
437,2022-02-02 02:49:00,mac-78,server344,Aron Butterworth
80,2022-02-02 02:52:00,Comp 391,Server-machine-746,Mana Barness
223,2022-02-02 02:55:00,Mac-269,comp 397,Jeannette Bergquist
366,2022-02-02 02:58:00,Mac-759,mac-245,Carolyn Moses
9,2022-02-02 03:01:00,Server-machine-936,esx-976,Marilyn Gonzalez
152,2022-02-02 03:04:00,esx-44,Comp 606,Raymond Hughes
295,2022-02-02 03:07:00,esx-844,Mac-635,Sean Johnson
438,2022-02-02 03:10:00,server856,Server-machine-146,Annie Travis
81,2022-02-02 03:12:00,server737,server767,Monica Klapper
224,2022-02-02 03:15:00,Comp 149,srv-972,Amy Adams
367,2022-02-02 03:18:00,Comp 56,comp 485,Thomas Clevenger
10,2022-02-02 03:21:00,esx-99,server514,Rita Shirley
153,2022-02-02 03:24:00,mac-972,Mac-129,Sherri Shepherd
296,2022-02-02 03:27:00,Comp 52,Server-machine-819,Peggy Sanders
439,2022-02-02 03:30:00,esx-458,comp 195,Christina Sechrist
82,2022-02-02 03:33:00,mac-423,Comp 285,James Hernandez
225,2022-02-02 03:36:00,server847,Server-machine-207,Dean Morgan
368,2022-02-02 03:38:00,Comp 436,Server-machine-916,Thomas Smith
11,2022-02-02 03:41:00,Server-machine-788,mac-766,Irma Maurer
154,2022-02-02 03:44:00,Mac-322,Comp 358,Jose Boyce
297,2022-02-02 03:47:00,Comp 706,Comp 574,Claude Searcy
440,2022-02-02 03:50:00,mac-224,Comp 93,Michael Thao
83,2022-02-02 03:53:00,Mac-910,esx-893,Bradley Hart
226,2022-02-02 03:56:00,Mac-405,Mac-597,Michael Baker
369,2022-02-02 03:59:00,Server-machine-795,mac-8,Wesley Campas
12,2022-02-02 04:01:00,mac-928,Comp 622,Melissa Hicks
155,2022-02-02 04:04:00,esx-742,Server-machine-247,Rick Torres
298,2022-02-02 04:07:00,server346,mac-451,Becky Johnson
441,2022-02-02 04:10:00,mac-527,esx-556,Shawn Wilson
84,2022-02-02 04:13:00,Mac-338,comp 762,Marian Wooten
227,2022-02-02 04:16:00,mac-326,Comp 554,Teresa Welch
370,2022-02-02 04:19:00,srv-293,Comp 40,Kyle Johnson
13,2022-02-02 04:22:00,Comp 739,comp 237,Jennifer Meister
156,2022-02-02 04:24:00,Mac-99,server809,Ashley Burns
299,2022-02-02 04:27:00,server791,srv-958,Catherine Peltier
442,2022-02-02 04:30:00,Mac-244,comp 353,Robert Johnson
85,2022-02-02 04:33:00,Mac-549,server590,William Harrison
228,2022-02-02 04:36:00,Mac-912,comp 875,Jessie Topps
371,2022-02-02 04:39:00,esx-57,srv-609,Mary Mcpherson
14,2022-02-02 04:42:00,mac-153,mac-28,Joseph Entrekin
157,2022-02-02 04:45:00,esx-479,srv-756,Richard Stepler
300,2022-02-02 04:48:00,esx-619,comp 204,Steven White
443,2022-02-02 04:50:00,Comp 10,server128,Richard Hernandez
86,2022-02-02 04:53:00,esx-117,esx-336,Alena Price
229,2022-02-02 04:56:00,Comp 449,comp 247,Maria Lue
372,2022-02-02 04:59:00,server198,esx-171,Alicia Pamintuan
15,2022-02-02 05:02:00,srv-6,server750,Janie King
158,2022-02-02 05:05:00,comp 220,esx-414,Donald Bergman
301,2022-02-02 05:08:00,Comp 705,srv-513,Charles Rolen
444,2022-02-02 05:11:00,esx-855,esx-156,Edith Pontiff
87,2022-02-02 05:13:00,srv-628,srv-108,Megan Gower
230,2022-02-02 05:16:00,Server-machine-251,server164,Jose Boyd
373,2022-02-02 05:19:00,srv-278,Server-machine-251,Michael Clinton
16,2022-02-02 05:22:00,mac-693,server270,Kenneth Medina
159,2022-02-02 05:25:00,comp 596,Mac-929,Walter Tomas
302,2022-02-02 05:28:00,srv-714,esx-860,Christina Quinlan
445,2022-02-02 05:31:00,Server-machine-334,server882,Katherine Cameron
88,2022-02-02 05:34:00,Mac-927,srv-85,Leonard Engen
231,2022-02-02 05:36:00,comp 691,Mac-377,Eugenie Cawley
374,2022-02-02 05:39:00,server986,comp 970,Elizabeth Measom
17,2022-02-02 05:42:00,Server-machine-348,srv-320,Stephen Pavone
160,2022-02-02 05:45:00,srv-584,Server-machine-787,Joseph Borke
303,2022-02-02 05:48:00,esx-626,esx-226,Douglas Smith
446,2022-02-02 05:51:00,comp 466,srv-927,Diane Harmon
89,2022-02-02 05:54:00,Comp 754,srv-269,Alison Edwards
232,2022-02-02 05:57:00,srv-285,server734,Nita Riley
375,2022-02-02 06:00:00,Comp 577,Mac-906,Susan Ray
18,2022-02-02 06:02:00,comp 611,Mac-652,Enrique Horton
161,2022-02-02 06:05:00,Server-machine-73,Comp 677,Laureen Warman
304,2022-02-02 06:08:00,mac-386,Mac-718,Patricia Barrett
447,2022-02-02 06:11:00,mac-287,Comp 586,Rosie Gilbar
90,2022-02-02 06:14:00,comp 59,Comp 121,Davis Rivers
233,2022-02-02 06:17:00,server364,mac-796,Jenna Jebb
376,2022-02-02 06:20:00,comp 842,esx-820,Erica Jones
19,2022-02-02 06:23:00,mac-837,esx-860,Rebecca Zambelli
162,2022-02-02 06:25:00,mac-74,server273,Nicole Accardo
305,2022-02-02 06:28:00,Comp 258,Comp 907,Ronald Anderson
448,2022-02-02 06:31:00,Mac-927,srv-737,David Payne
91,2022-02-02 06:34:00,esx-692,esx-11,Terry Garcia
234,2022-02-02 06:37:00,comp 958,esx-819,Bryce Chapman
377,2022-02-02 06:40:00,server898,mac-799,David Larson
20,2022-02-02 06:43:00,Server-machine-717,comp 840,Ann Daley
163,2022-02-02 06:46:00,Server-machine-738,Comp 871,Jeff Brown
306,2022-02-02 06:48:00,srv-920,comp 853,Marvin Whitcomb
449,2022-02-02 06:51:00,Comp 492,Server-machine-523,Janet Blake
92,2022-02-02 06:54:00,comp 198,srv-261,Laura Viernes
235,2022-02-02 06:57:00,Server-machine-325,mac-944,Arthur Gailey
378,2022-02-02 07:00:00,server623,srv-148,Richard Monroe
21,2022-02-02 07:03:00,Server-machine-415,srv-1,Jessie Hurst
164,2022-02-02 07:06:00,Server-machine-269,srv-27,John Lassiter
307,2022-02-02 07:09:00,esx-893,comp 330,Denis Sayre
450,2022-02-02 07:12:00,server695,server189,Samuel Butler
93,2022-02-02 07:14:00,server394,server668,Terry Surber
236,2022-02-02 07:17:00,Server-machine-122,Mac-76,Robert Zimmer
379,2022-02-02 07:20:00,server428,Server-machine-464,James Sanders
22,2022-02-02 07:23:00,Server-machine-922,Comp 830,Lori Thorpe
165,2022-02-02 07:26:00,srv-376,srv-304,James Stamm
308,2022-02-02 07:29:00,server884,Server-machine-937,John Dexter
451,2022-02-02 07:32:00,server492,mac-691,Larry Provost
94,2022-02-02 07:35:00,mac-127,server524,Jerry Johnston
237,2022-02-02 07:37:00,esx-791,Comp 519,Amanda Anders
380,2022-02-02 07:40:00,esx-681,mac-462,Matthew Mcfadden
23,2022-02-02 07:43:00,Comp 560,server84,Solomon Byrd
166,2022-02-02 07:46:00,Server-machine-545,Server-machine-469,Patti Nelson
309,2022-02-02 07:49:00,server245,srv-503,Dwight Custodio
452,2022-02-02 07:52:00,comp 945,Comp 864,Robert Zachary
95,2022-02-02 07:55:00,comp 967,server809,Christopher Avers
238,2022-02-02 07:58:00,Comp 921,srv-581,James Johnson
381,2022-02-02 08:00:00,comp 426,Server-machine-198,Shirley London
24,2022-02-02 08:03:00,esx-970,srv-173,Dorothy Bearman
167,2022-02-02 08:06:00,Server-machine-857,Mac-660,Billy Holmes
310,2022-02-02 08:09:00,srv-55,esx-154,Carol Burt
453,2022-02-02 08:12:00,srv-385,Comp 877,Karin Carlson
96,2022-02-02 08:15:00,srv-391,srv-761,Jaime Edwards
239,2022-02-02 08:18:00,Comp 934,comp 311,Stephen Weiss
382,2022-02-02 08:21:00,server771,server972,David Gary
25,2022-02-02 08:24:00,Mac-998,Server-machine-730,Joshua Bose
168,2022-02-02 08:26:00,Mac-215,Server-machine-95,George Johnson
311,2022-02-02 08:29:00,mac-674,server258,Laurie Seymour
454,2022-02-02 08:32:00,comp 262,esx-441,Angela Saad
97,2022-02-02 08:35:00,Mac-502,srv-479,Harvey Woods
240,2022-02-02 08:38:00,server791,comp 869,Everett Loveless
383,2022-02-02 08:41:00,srv-585,Server-machine-964,Manuel Williams
26,2022-02-02 08:44:00,Server-machine-312,Server-machine-573,Teresa Swanson
169,2022-02-02 08:47:00,Server-machine-382,Mac-268,Emma Washington
312,2022-02-02 08:49:00,Server-machine-548,srv-870,Amanda Barker
455,2022-02-02 08:52:00,mac-734,server866,Antonio Roy
98,2022-02-02 08:55:00,Comp 794,Comp 590,Wilma Minder
241,2022-02-02 08:58:00,Server-machine-118,Server-machine-838,Leslie Earp
384,2022-02-02 09:01:00,Comp 494,Mac-794,Christopher Terepka
27,2022-02-02 09:04:00,Comp 886,esx-946,Donna Levitz
170,2022-02-02 09:07:00,Server-machine-241,srv-430,Juan Ryan
313,2022-02-02 09:10:00,srv-837,Server-machine-872,Rogelio Milligan
456,2022-02-02 09:12:00,mac-927,Comp 260,Wilmer Stack
99,2022-02-02 09:15:00,Mac-121,server142,Marilyn Cargo
242,2022-02-02 09:18:00,esx-163,server642,Delores Landin
385,2022-02-02 09:21:00,comp 295,Server-machine-659,Kirk Bellamy
28,2022-02-02 09:24:00,mac-856,esx-964,Nicole Tabor
171,2022-02-02 09:27:00,Server-machine-446,mac-202,Corey Stevens
314,2022-02-02 09:30:00,Mac-821,Comp 964,Robert Jones
457,2022-02-02 09:33:00,Comp 857,Mac-666,Albert Kouba
100,2022-02-02 09:36:00,mac-578,comp 203,Pamela Stuart
243,2022-02-02 09:38:00,mac-902,mac-898,Tiffany Gaffney
386,2022-02-02 09:41:00,Mac-299,mac-128,Nicole Bingham
29,2022-02-02 09:44:00,mac-33,server177,Cindy Stephenson
172,2022-02-02 09:47:00,mac-478,esx-611,Paula Carter
315,2022-02-02 09:50:00,Mac-311,srv-836,Jessica Wood
458,2022-02-02 09:53:00,Server-machine-580,Server-machine-478,Christine Bailey
101,2022-02-02 09:56:00,comp 58,server426,Susan Bramuchi
244,2022-02-02 09:59:00,Server-machine-898,comp 115,Elaine Granados
387,2022-02-02 10:01:00,srv-772,esx-394,Mark Williams
30,2022-02-02 10:04:00,Comp 868,esx-442,Michael Popielarczyk
173,2022-02-02 10:07:00,mac-100,mac-486,Jerry Yoon
316,2022-02-02 10:10:00,Server-machine-902,Server-machine-401,Brian Harris
459,2022-02-02 10:13:00,esx-256,srv-583,Michael Mcmillan
102,2022-02-02 10:16:00,Mac-812,Server-machine-507,Charles Price
245,2022-02-02 10:19:00,Server-machine-171,esx-941,Shirley Murphy
388,2022-02-02 10:22:00,mac-672,srv-503,Steven Stern
31,2022-02-02 10:24:00,esx-194,mac-280,Mary Irwin
174,2022-02-02 10:27:00,comp 38,srv-450,Janet Headley
317,2022-02-02 10:30:00,srv-570,comp 599,Patricia Leslie
460,2022-02-02 10:33:00,Mac-380,srv-644,Frank Harris
103,2022-02-02 10:36:00,esx-531,server511,Jose Schultz
246,2022-02-02 10:39:00,Mac-799,srv-815,Tracie Zambrano
389,2022-02-02 10:42:00,comp 612,srv-266,Cruz Harris
32,2022-02-02 10:45:00,esx-645,srv-45,Elba Ruley
175,2022-02-02 10:48:00,mac-703,Comp 460,Suzanne Sizemore
318,2022-02-02 10:50:00,srv-82,server907,Kevin Rhodes
461,2022-02-02 10:53:00,esx-462,Server-machine-731,Janet Fields
104,2022-02-02 10:56:00,server856,esx-383,Shirley Fine
247,2022-02-02 10:59:00,mac-499,mac-964,Margaret Marquardt
390,2022-02-02 11:02:00,comp 670,server20,Nicole Dais
33,2022-02-02 11:05:00,comp 186,Server-machine-660,Melissa Best
176,2022-02-02 11:08:00,comp 236,mac-835,Norman Rivera
319,2022-02-02 11:11:00,server371,Server-machine-22,John Mclendon
462,2022-02-02 11:13:00,comp 509,Server-machine-89,Brandi Johnson
105,2022-02-02 11:16:00,srv-788,srv-110,Jewell Boyd
248,2022-02-02 11:19:00,server810,esx-489,Ronald Jackson
391,2022-02-02 11:22:00,server802,Mac-821,Betty Norrell
34,2022-02-02 11:25:00,Server-machine-267,Mac-335,William Scott
177,2022-02-02 11:28:00,mac-925,comp 67,Milagro Lowder
320,2022-02-02 11:31:00,esx-334,Comp 758,James Walker
463,2022-02-02 11:34:00,Server-machine-506,srv-263,Chadwick Renteria
106,2022-02-02 11:36:00,comp 912,esx-699,Amber Weaver
249,2022-02-02 11:39:00,mac-526,esx-440,Florence Fischer
392,2022-02-02 11:42:00,Comp 485,mac-549,Ervin Marlett
35,2022-02-02 11:45:00,Comp 447,Comp 738,Robbin Eckloff
178,2022-02-02 11:48:00,server151,esx-396,Daniel Bostic
321,2022-02-02 11:51:00,comp 334,Comp 348,Nancy Atkinson
464,2022-02-02 11:54:00,Server-machine-249,srv-389,Joseph Trotter
107,2022-02-02 11:57:00,srv-46,Mac-475,Rosa Ireland
250,2022-02-02 12:00:00,srv-857,esx-386,Bryce Johnson
393,2022-02-02 12:02:00,srv-935,mac-954,Kathryn Pertsovsky
36,2022-02-02 12:05:00,Comp 807,Server-machine-882,Alane Brown
179,2022-02-02 12:08:00,srv-653,Mac-627,Grace Sutton
322,2022-02-02 12:11:00,server512,mac-997,Alvin Vallone
465,2022-02-02 12:14:00,srv-282,Comp 533,Rhonda Snider
108,2022-02-02 12:17:00,Comp 853,comp 33,Arthur Yuen
251,2022-02-02 12:20:00,Server-machine-789,comp 169,Antonio Garrett
394,2022-02-02 12:23:00,server832,Mac-778,Joaquin Winters
37,2022-02-02 12:25:00,Mac-466,comp 977,Cynthia Rivera
180,2022-02-02 12:28:00,Server-machine-698,comp 885,Bruce Jennings
323,2022-02-02 12:31:00,Comp 287,Server-machine-430,Michael Wiley
466,2022-02-02 12:34:00,esx-660,server569,Mary Laxen
109,2022-02-02 12:37:00,server782,Server-machine-507,Kaylene Mcconnell
252,2022-02-02 12:40:00,srv-166,Server-machine-699,Sidney Alley
395,2022-02-02 12:43:00,Server-machine-131,mac-539,Vicente Yancey
38,2022-02-02 12:46:00,srv-514,mac-573,Anthony Wilhite
181,2022-02-02 12:48:00,srv-660,comp 833,Judith Bell
324,2022-02-02 12:51:00,Mac-936,server471,Richard Plotts
467,2022-02-02 12:54:00,server133,mac-702,Virginia Germy
110,2022-02-02 12:57:00,server993,srv-666,Diana Duke
253,2022-02-02 13:00:00,server385,Mac-206,Molly Mendoza
396,2022-02-02 13:03:00,Server-machine-194,comp 723,Elva Armstrong
39,2022-02-02 13:06:00,esx-786,mac-211,Devon Charles
182,2022-02-02 13:09:00,esx-571,srv-683,Molly Gonzalez
325,2022-02-02 13:12:00,srv-110,comp 601,Howard Garcia
468,2022-02-02 13:14:00,esx-248,server317,Troy Bush
111,2022-02-02 13:17:00,comp 41,Comp 246,Debra Morales
254,2022-02-02 13:20:00,Mac-53,mac-22,Helen Longoria
397,2022-02-02 13:23:00,server712,Mac-427,Riley Seay
40,2022-02-02 13:26:00,Mac-520,esx-822,Tina Place
183,2022-02-02 13:29:00,esx-529,Server-machine-916,Faye Graza
326,2022-02-02 13:32:00,server253,srv-268,Betty Reynoso
469,2022-02-02 13:35:00,esx-842,Comp 913,Jason Stegmann
112,2022-02-02 13:37:00,mac-622,srv-71,Eric Almanza
255,2022-02-02 13:40:00,comp 398,srv-284,Gretchen Mcclelland
398,2022-02-02 13:43:00,Server-machine-458,srv-832,Robert Wick
41,2022-02-02 13:46:00,Server-machine-218,Server-machine-31,Isabell Nunes
184,2022-02-02 13:49:00,srv-511,Comp 964,Carmen Sides
327,2022-02-02 13:52:00,Comp 911,server734,Mary Bell
470,2022-02-02 13:55:00,Comp 703,esx-534,Melody Province
113,2022-02-02 13:58:00,Mac-734,esx-328,Jason Armstrong
256,2022-02-02 14:00:00,server866,mac-10,David Mancha
399,2022-02-02 14:03:00,esx-712,esx-772,Ronnie Bridges
42,2022-02-02 14:06:00,mac-369,mac-637,June Hall
185,2022-02-02 14:09:00,mac-751,esx-711,Maude Smith
328,2022-02-02 14:12:00,esx-948,server699,Floyd Hardison
471,2022-02-02 14:15:00,srv-775,Server-machine-681,Molly Blair
114,2022-02-02 14:18:00,Server-machine-772,Server-machine-470,Mary Richardson
257,2022-02-02 14:21:00,comp 408,comp 96,Emily Smith
400,2022-02-02 14:24:00,comp 782,srv-474,Emmitt Donnelly
43,2022-02-02 14:26:00,Server-machine-926,esx-666,Eddie Martin
186,2022-02-02 14:29:00,esx-243,comp 159,Margaret Rodriquez
329,2022-02-02 14:32:00,server134,Mac-177,Robert Hennen
472,2022-02-02 14:35:00,srv-492,srv-222,Abraham Rodrigues
115,2022-02-02 14:38:00,comp 395,esx-662,Jeremy Curtsinger
258,2022-02-02 14:41:00,Server-machine-733,esx-195,Leah Campoy
401,2022-02-02 14:44:00,esx-884,comp 80,Jay Bowling
44,2022-02-02 14:47:00,Server-machine-876,Comp 800,Wanda Lawrence
187,2022-02-02 14:49:00,srv-571,Mac-373,Michelle Lichlyter
330,2022-02-02 14:52:00,server791,server631,Hilary Holloway
473,2022-02-02 14:55:00,mac-165,comp 995,Juanita White
116,2022-02-02 14:58:00,server657,mac-539,Patricia Simpson
259,2022-02-02 15:01:00,mac-292,server807,Susan Moore
402,2022-02-02 15:04:00,server194,server975,Carolyn Yanko
45,2022-02-02 15:07:00,Mac-77,Server-machine-27,Linda Villegas
188,2022-02-02 15:10:00,srv-130,server642,Carol Gravel
331,2022-02-02 15:12:00,srv-318,esx-712,Tina Rollins
474,2022-02-02 15:15:00,srv-906,Mac-317,Donald Bergin
117,2022-02-02 15:18:00,esx-214,server152,Katherine Smith
260,2022-02-02 15:21:00,srv-143,comp 412,Chara Ruiz
403,2022-02-02 15:24:00,Server-machine-159,Server-machine-72,Larry Moore
46,2022-02-02 15:27:00,esx-694,mac-15,Nancy Ricks
189,2022-02-02 15:30:00,srv-511,server123,Larry Hutcherson
332,2022-02-02 15:33:00,Mac-106,esx-762,Cassie Collar
475,2022-02-02 15:36:00,mac-427,comp 731,Mark Foran
118,2022-02-02 15:38:00,Comp 940,Server-machine-977,Billy Hayes
261,2022-02-02 15:41:00,Server-machine-927,Server-machine-947,David Sepulveda
404,2022-02-02 15:44:00,Mac-994,Server-machine-890,Debra Davis
47,2022-02-02 15:47:00,mac-401,srv-930,Jason Hames
190,2022-02-02 15:50:00,Mac-629,server88,Janel Tomlinson
333,2022-02-02 15:53:00,esx-407,comp 496,Caitlin Powell
476,2022-02-02 15:56:00,Server-machine-840,comp 305,Albert Barker
119,2022-02-02 15:59:00,Mac-762,srv-311,Elizabeth Solis
262,2022-02-02 16:01:00,Server-machine-452,Mac-990,Louis Geise
405,2022-02-02 16:04:00,Comp 581,comp 137,Casey Begay
48,2022-02-02 16:07:00,Server-machine-128,mac-744,Katie Porter
191,2022-02-02 16:10:00,esx-558,srv-319,Eve Maier
334,2022-02-02 16:13:00,mac-585,srv-583,Amy Granger
477,2022-02-02 16:16:00,server175,Server-machine-594,Timothy Steigerwalt
120,2022-02-02 16:19:00,Server-machine-965,comp 131,Lillian Bailey
263,2022-02-02 16:22:00,server207,Mac-239,Stephen Wiegand
406,2022-02-02 16:24:00,server978,comp 751,Richard Ollie
49,2022-02-02 16:27:00,Mac-728,Comp 512,Barbara Colella
192,2022-02-02 16:30:00,server230,esx-13,Donald West
335,2022-02-02 16:33:00,server278,server680,Gillian Hicks
478,2022-02-02 16:36:00,Server-machine-73,comp 982,Sandra Mummert
121,2022-02-02 16:39:00,Mac-83,Server-machine-963,Meghan Durden
264,2022-02-02 16:42:00,srv-319,mac-318,Holly Ramsey
407,2022-02-02 16:45:00,Server-machine-48,srv-748,Roberto Shackelford
50,2022-02-02 16:48:00,Server-machine-897,comp 907,Gary Arthur
193,2022-02-02 16:50:00,comp 424,Mac-231,Jeff Chavarria
336,2022-02-02 16:53:00,mac-952,server200,Jayson Moore
479,2022-02-02 16:56:00,esx-652,mac-174,Herbert Elliott
122,2022-02-02 16:59:00,comp 819,Mac-644,Felipe Johnson
265,2022-02-02 17:02:00,comp 29,Server-machine-542,Shirley Graves
408,2022-02-02 17:05:00,comp 820,server192,Valerie Jackson
51,2022-02-02 17:08:00,Server-machine-320,mac-54,Brenda Mccullough
194,2022-02-02 17:11:00,srv-342,mac-188,Jason Dale
337,2022-02-02 17:13:00,esx-620,comp 255,Christian Peraza
480,2022-02-02 17:16:00,srv-507,mac-766,Mary Gray
123,2022-02-02 17:19:00,comp 11,srv-493,Dorothy Mccall
266,2022-02-02 17:22:00,srv-769,Server-machine-244,Thomas Lent
409,2022-02-02 17:25:00,server554,comp 708,Natalia Brady
52,2022-02-02 17:28:00,server123,Comp 453,June Veitch
195,2022-02-02 17:31:00,Comp 708,Server-machine-212,Carol Mcwhorter
338,2022-02-02 17:34:00,server257,Mac-384,Kendra Shultz
481,2022-02-02 17:36:00,server139,Server-machine-436,Gloria Geralds
124,2022-02-02 17:39:00,Mac-539,Comp 185,Ruth Thompson
267,2022-02-02 17:42:00,esx-55,srv-811,Raymond Richard
410,2022-02-02 17:45:00,esx-413,comp 146,Charles Tyrer
53,2022-02-02 17:48:00,Mac-854,esx-826,Iva Schnee
196,2022-02-02 17:51:00,Comp 322,mac-833,Kay Garcia
339,2022-02-02 17:54:00,server754,Comp 754,Laura Loya
482,2022-02-02 17:57:00,mac-988,Server-machine-36,Otis Smith
125,2022-02-02 18:00:00,Server-machine-993,esx-148,Mitzi Delossantos
268,2022-02-02 18:02:00,Mac-527,Comp 940,Thomas Whittle
411,2022-02-02 18:05:00,srv-875,Mac-336,Claudia Davis
54,2022-02-02 18:08:00,comp 452,esx-781,Margareta Nest
197,2022-02-02 18:11:00,srv-781,comp 747,Dorothy Swain
340,2022-02-02 18:14:00,server841,esx-506,Evelyn Brooks
483,2022-02-02 18:17:00,mac-195,server947,Pauline Wyatt
126,2022-02-02 18:20:00,Comp 14,Mac-807,Gerald Covington
269,2022-02-02 18:23:00,esx-184,server907,Roger Baker
412,2022-02-02 18:25:00,Comp 510,esx-800,Willow Benefield
55,2022-02-02 18:28:00,srv-788,esx-454,Thomas Lemoine
198,2022-02-02 18:31:00,esx-375,server236,George Cavanaugh
341,2022-02-02 18:34:00,server296,comp 798,Adrian Ramirez
484,2022-02-02 18:37:00,server904,esx-67,Susanne Hill
127,2022-02-02 18:40:00,mac-68,server456,Amanda Hayes
270,2022-02-02 18:43:00,Comp 936,Server-machine-254,Gilberto Burke
413,2022-02-02 18:46:00,server675,Server-machine-898,Ellen Gundersen
56,2022-02-02 18:48:00,esx-945,mac-25,John Sagredo
199,2022-02-02 18:51:00,comp 134,server792,Mildred Ung
342,2022-02-02 18:54:00,mac-153,server919,Linda Williams
485,2022-02-02 18:57:00,srv-661,Server-machine-958,Mary Enlow
128,2022-02-02 19:00:00,Server-machine-681,Server-machine-82,Jesse Fitanides
271,2022-02-02 19:03:00,srv-324,Mac-366,Norberto Heath
414,2022-02-02 19:06:00,Comp 244,mac-200,Mary Martinez
57,2022-02-02 19:09:00,esx-354,esx-62,Elizabeth Jackson
200,2022-02-02 19:12:00,esx-833,Comp 759,Harold Gallo
343,2022-02-02 19:14:00,comp 65,srv-144,Teresa Griffin
486,2022-02-02 19:17:00,mac-354,srv-609,Joseph Powell
129,2022-02-02 19:20:00,server652,Mac-712,Harold Hooks
272,2022-02-02 19:23:00,comp 624,Mac-49,Heather Austin
415,2022-02-02 19:26:00,mac-67,Server-machine-337,Robert Wyatt
58,2022-02-02 19:29:00,esx-871,Mac-553,Violette Mcglothlin
201,2022-02-02 19:32:00,Comp 773,esx-965,Earl Green
344,2022-02-02 19:35:00,mac-208,srv-46,Ronald Sadowski
487,2022-02-02 19:37:00,Server-machine-707,mac-281,Cary Rogers
130,2022-02-02 19:40:00,server704,esx-572,Ronald Hockenberry
273,2022-02-02 19:43:00,comp 27,Comp 214,Gail Depasquale
416,2022-02-02 19:46:00,mac-790,mac-721,Tracie Shearer
59,2022-02-02 19:49:00,srv-615,esx-835,Jody Mangum
202,2022-02-02 19:52:00,esx-518,esx-957,William Atwood
345,2022-02-02 19:55:00,server19,server66,Erin Small
488,2022-02-02 19:58:00,comp 737,mac-456,Mark Strother
131,2022-02-02 20:00:00,mac-141,Mac-538,Jake Nguyen
274,2022-02-02 20:03:00,Mac-333,Comp 994,Cindy Orr
417,2022-02-02 20:06:00,srv-203,Server-machine-390,Allison Reyes
60,2022-02-02 20:09:00,comp 545,Comp 831,Eleanor Carbajal
203,2022-02-02 20:12:00,Server-machine-749,srv-528,Flora Hinton
346,2022-02-02 20:15:00,Server-machine-208,mac-27,Robin Daniel
489,2022-02-02 20:18:00,Server-machine-927,server77,William Sheppard
132,2022-02-02 20:21:00,esx-967,Mac-211,Ramona Earing
275,2022-02-02 20:24:00,mac-240,server98,Jeffrey Breazeale
418,2022-02-02 20:26:00,server250,mac-88,Karl Guess
61,2022-02-02 20:29:00,esx-970,Server-machine-19,Kelsey Yates
204,2022-02-02 20:32:00,Comp 317,Mac-727,Deborah Padgett
347,2022-02-02 20:35:00,Mac-200,srv-599,Annie Verdin
490,2022-02-02 20:38:00,mac-935,Server-machine-739,Tyrone Saxbury
133,2022-02-02 20:41:00,esx-224,Mac-565,Raquel Cairns
276,2022-02-02 20:44:00,Comp 239,Server-machine-650,Robin Heatherly
419,2022-02-02 20:47:00,esx-914,Server-machine-82,Donna Duvall
62,2022-02-02 20:49:00,server576,comp 100,Robert Sanborn
205,2022-02-02 20:52:00,Comp 998,Mac-344,Stephanie Wilson
348,2022-02-02 20:55:00,srv-736,Comp 643,Leslie Gamble
491,2022-02-02 20:58:00,srv-539,comp 153,Marie Felton
134,2022-02-02 21:01:00,Mac-943,Server-machine-556,Donna Whatley
277,2022-02-02 21:04:00,srv-518,Mac-292,Michael Ellingham
420,2022-02-02 21:07:00,comp 1,Mac-988,Susan Paneto
63,2022-02-02 21:10:00,Comp 729,srv-478,Roger Hartman
206,2022-02-02 21:12:00,srv-288,Comp 255,Bobby Roberts
349,2022-02-02 21:15:00,Server-machine-248,comp 502,Donald Munos
492,2022-02-02 21:18:00,srv-139,comp 565,Jasper Brumley
135,2022-02-02 21:21:00,Mac-95,comp 541,Melissa Murry
278,2022-02-02 21:24:00,srv-723,Mac-512,Marion Mcdaniel
421,2022-02-02 21:27:00,Server-machine-723,Mac-240,Lorna Carver
64,2022-02-02 21:30:00,Mac-835,server806,Clara Jones
207,2022-02-02 21:33:00,Mac-272,srv-495,Bessie York
350,2022-02-02 21:36:00,esx-441,server893,Sarah Roberts
493,2022-02-02 21:38:00,server318,server236,Judith Vazquez
136,2022-02-02 21:41:00,Comp 691,mac-402,Joshua Green
279,2022-02-02 21:44:00,mac-699,server16,Walter Mock
422,2022-02-02 21:47:00,esx-32,srv-347,Marlon Wright
65,2022-02-02 21:50:00,Mac-827,server411,Jeff Frederickson
208,2022-02-02 21:53:00,Server-machine-250,srv-693,Dorothy Munter
351,2022-02-02 21:56:00,comp 348,comp 710,Gilbert Larson
494,2022-02-02 21:59:00,server212,mac-705,Dolores Oconnor
137,2022-02-02 22:01:00,comp 911,srv-951,Nora Cavender
280,2022-02-02 22:04:00,Server-machine-778,Server-machine-458,Linda Johnson
423,2022-02-02 22:07:00,Mac-838,Comp 274,Hortense Daley
66,2022-02-02 22:10:00,esx-888,srv-277,Gwendolyn Gerow
209,2022-02-02 22:13:00,Mac-430,srv-736,Charles Gonzalez
352,2022-02-02 22:16:00,esx-750,srv-64,Paul Powell
495,2022-02-02 22:19:00,comp 766,server931,Kelly Marion
138,2022-02-02 22:22:00,server864,Mac-523,Timothy Pace
281,2022-02-02 22:24:00,Comp 310,esx-335,Suzanne Hall
424,2022-02-02 22:27:00,Mac-556,esx-915,Leon Saunders
67,2022-02-02 22:30:00,Comp 440,comp 266,Audrey Flynn
210,2022-02-02 22:33:00,esx-299,server266,Thomas Jackson
353,2022-02-02 22:36:00,comp 707,mac-64,Raquel Loftus
496,2022-02-02 22:39:00,Mac-85,comp 976,Richard Killin
139,2022-02-02 22:42:00,server846,server942,Doris Simon
282,2022-02-02 22:45:00,esx-564,esx-945,Eric Perez
425,2022-02-02 22:48:00,Comp 448,server958,Donald Osborn
68,2022-02-02 22:50:00,server999,srv-417,Thomas Mcmanus
211,2022-02-02 22:53:00,mac-414,comp 559,Tamara Gonzalez
354,2022-02-02 22:56:00,Mac-529,srv-84,Geraldine Douglas
497,2022-02-02 22:59:00,mac-337,srv-7,Marguerite Battaglia
140,2022-02-02 23:02:00,Mac-780,Server-machine-667,Robert Miller
283,2022-02-02 23:05:00,esx-748,Mac-882,Delores Kelley
426,2022-02-02 23:08:00,srv-507,esx-166,Randy Smetana
69,2022-02-02 23:11:00,srv-122,Mac-719,Lottie Forbus
212,2022-02-02 23:13:00,mac-961,server57,Gloria Rogers
355,2022-02-02 23:16:00,esx-902,Server-machine-401,David Moore
498,2022-02-02 23:19:00,Comp 772,Mac-624,Kelly Warfield
141,2022-02-02 23:22:00,srv-230,esx-510,Dennis Gossett
284,2022-02-02 23:25:00,mac-870,server591,Teresa Pleasant
427,2022-02-02 23:28:00,Mac-433,Server-machine-119,Robert Newyear
70,2022-02-02 23:31:00,Comp 554,Comp 849,Patty Jones
213,2022-02-02 23:34:00,Comp 738,srv-577,Derrick Casarez
356,2022-02-02 23:36:00,Server-machine-330,mac-462,Karla Holt
499,2022-02-02 23:39:00,Comp 94,server692,Kim Blair
142,2022-02-02 23:42:00,server873,Server-machine-558,Jacob Nunley
285,2022-02-02 23:45:00,Comp 661,server671,Katherine Harris
428,2022-02-02 23:48:00,Mac-156,Mac-877,Brandy Woodall
71,2022-02-02 23:51:00,server521,server147,Christopher Moore
214,2022-02-02 23:54:00,Comp 602,comp 696,Sylvia Andrews
357,2022-02-02 23:57:00,srv-953,srv-297,Vincent Martinez
0,2022-03-08 06:17:00,mac-783,Mac-737,Juan Rigney
1,2022-03-08 06:28:00,Mac-737,srv-683,Juan Rigney
0,2022-03-16 14:08:00,Mac-737,srv-683,Juan Rigney
1,2022-03-16 14:26:00,srv-683,Comp 625,Juan Rigney
0,2022-03-17 07:31:00,srv-683,Server-machine-185,Keith Davis
1,2022-03-17 07:49:00,Server-machine-185,esx-105,Keith Davis
839,2022-03-19 06:09:00,esx-105,Mac-299,Jamie Lin
838,2022-03-19 06:09:00,esx-105,comp 344,Jamie Lin
837,2022-03-19 06:09:00,esx-105,Mac-183,Jamie Lin
836,2022-03-19 06:09:00,esx-105,comp 954,Jamie Lin
835,2022-03-19 06:09:00,esx-105,srv-461,Jamie Lin
834,2022-03-19 06:09:00,esx-105,mac-226,Jamie Lin
833,2022-03-19 06:09:00,esx-105,Comp 395,Jamie Lin
828,2022-03-19 06:09:00,esx-105,srv-98,Jamie Lin
831,2022-03-19 06:09:00,esx-105,srv-955,Jamie Lin
830,2022-03-19 06:09:00,esx-105,Server-machine-325,Jamie Lin
829,2022-03-19 06:09:00,esx-105,esx-798,Jamie Lin
840,2022-03-19 06:09:00,esx-105,Mac-116,Jamie Lin
827,2022-03-19 06:09:00,esx-105,comp 339,Jamie Lin
826,2022-03-19 06:09:00,esx-105,server305,Jamie Lin
825,2022-03-19 06:09:00,esx-105,Mac-170,Jamie Lin
832,2022-03-19 06:09:00,esx-105,Mac-205,Jamie Lin
841,2022-03-19 06:09:00,esx-105,mac-747,Jamie Lin
846,2022-03-19 06:09:00,esx-105,Mac-538,Jamie Lin
843,2022-03-19 06:09:00,esx-105,comp 435,Jamie Lin
859,2022-03-19 06:09:00,esx-105,Comp 224,Jamie Lin
858,2022-03-19 06:09:00,esx-105,Comp 204,Jamie Lin
857,2022-03-19 06:09:00,esx-105,comp 17,Jamie Lin
856,2022-03-19 06:09:00,esx-105,Comp 102,Jamie Lin
855,2022-03-19 06:09:00,esx-105,comp 943,Jamie Lin
854,2022-03-19 06:09:00,esx-105,Comp 762,Jamie Lin
853,2022-03-19 06:09:00,esx-105,Mac-518,Jamie Lin
842,2022-03-19 06:09:00,esx-105,Server-machine-923,Jamie Lin
852,2022-03-19 06:09:00,esx-105,comp 959,Jamie Lin
850,2022-03-19 06:09:00,esx-105,srv-392,Jamie Lin
849,2022-03-19 06:09:00,esx-105,server59,Jamie Lin
848,2022-03-19 06:09:00,esx-105,comp 605,Jamie Lin
847,2022-03-19 06:09:00,esx-105,mac-891,Jamie Lin
824,2022-03-19 06:09:00,esx-105,Comp 100,Jamie Lin
845,2022-03-19 06:09:00,esx-105,srv-407,Jamie Lin
844,2022-03-19 06:09:00,esx-105,server502,Jamie Lin
851,2022-03-19 06:09:00,esx-105,server620,Jamie Lin
823,2022-03-19 06:09:00,esx-105,Server-machine-116,Jamie Lin
818,2022-03-19 06:09:00,esx-105,esx-721,Jamie Lin
821,2022-03-19 06:09:00,esx-105,srv-721,Jamie Lin
800,2022-03-19 06:09:00,esx-105,Mac-24,Jamie Lin
799,2022-03-19 06:09:00,esx-105,srv-27,Jamie Lin
798,2022-03-19 06:09:00,esx-105,server221,Jamie Lin
797,2022-03-19 06:09:00,esx-105,srv-118,Jamie Lin
796,2022-03-19 06:09:00,esx-105,Mac-613,Jamie Lin
795,2022-03-19 06:09:00,esx-105,mac-277,Jamie Lin
794,2022-03-19 06:09:00,esx-105,Mac-681,Jamie Lin
793,2022-03-19 06:09:00,esx-105,srv-639,Jamie Lin
792,2022-03-19 06:09:00,esx-105,comp 473,Jamie Lin
791,2022-03-19 06:09:00,esx-105,comp 797,Jamie Lin
790,2022-03-19 06:09:00,esx-105,comp 881,Jamie Lin
789,2022-03-19 06:09:00,esx-105,srv-11,Jamie Lin
788,2022-03-19 06:09:00,esx-105,Comp 276,Jamie Lin
787,2022-03-19 06:09:00,esx-105,comp 706,Jamie Lin
786,2022-03-19 06:09:00,esx-105,mac-466,Jamie Lin
801,2022-03-19 06:09:00,esx-105,srv-966,Jamie Lin
802,2022-03-19 06:09:00,esx-105,srv-979,Jamie Lin
803,2022-03-19 06:09:00,esx-105,server188,Jamie Lin
804,2022-03-19 06:09:00,esx-105,server281,Jamie Lin
820,2022-03-19 06:09:00,esx-105,Mac-546,Jamie Lin
819,2022-03-19 06:09:00,esx-105,Mac-4,Jamie Lin
860,2022-03-19 06:09:00,esx-105,server969,Jamie Lin
817,2022-03-19 06:09:00,esx-105,server785,Jamie Lin
816,2022-03-19 06:09:00,esx-105,esx-439,Jamie Lin
815,2022-03-19 06:09:00,esx-105,server179,Jamie Lin
814,2022-03-19 06:09:00,esx-105,srv-496,Jamie Lin
822,2022-03-19 06:09:00,esx-105,esx-678,Jamie Lin
813,2022-03-19 06:09:00,esx-105,mac-315,Jamie Lin
811,2022-03-19 06:09:00,esx-105,srv-210,Jamie Lin
810,2022-03-19 06:09:00,esx-105,esx-414,Jamie Lin
809,2022-03-19 06:09:00,esx-105,Comp 67,Jamie Lin
808,2022-03-19 06:09:00,esx-105,server120,Jamie Lin
807,2022-03-19 06:09:00,esx-105,Mac-847,Jamie Lin
806,2022-03-19 06:09:00,esx-105,comp 987,Jamie Lin
805,2022-03-19 06:09:00,esx-105,esx-913,Jamie Lin
812,2022-03-19 06:09:00,esx-105,server594,Jamie Lin
861,2022-03-19 06:09:00,esx-105,Server-machine-844,Jamie Lin
910,2022-03-19 06:09:00,esx-105,server725,Jamie Lin
863,2022-03-19 06:09:00,esx-105,Mac-504,Jamie Lin
918,2022-03-19 06:09:00,esx-105,Comp 824,Jamie Lin
917,2022-03-19 06:09:00,esx-105,Server-machine-995,Jamie Lin
916,2022-03-19 06:09:00,esx-105,server824,Jamie Lin
915,2022-03-19 06:09:00,esx-105,mac-253,Jamie Lin
914,2022-03-19 06:09:00,esx-105,esx-48,Jamie Lin
913,2022-03-19 06:09:00,esx-105,Server-machine-127,Jamie Lin
912,2022-03-19 06:09:00,esx-105,comp 525,Jamie Lin
911,2022-03-19 06:09:00,esx-105,Mac-523,Jamie Lin
785,2022-03-19 06:09:00,esx-105,esx-898,Jamie Lin
909,2022-03-19 06:09:00,esx-105,esx-430,Jamie Lin
908,2022-03-19 06:09:00,esx-105,comp 947,Jamie Lin
907,2022-03-19 06:09:00,esx-105,Server-machine-570,Jamie Lin
906,2022-03-19 06:09:00,esx-105,Server-machine-599,Jamie Lin
905,2022-03-19 06:09:00,esx-105,Comp 213,Jamie Lin
904,2022-03-19 06:09:00,esx-105,mac-883,Jamie Lin
919,2022-03-19 06:09:00,esx-105,comp 953,Jamie Lin
920,2022-03-19 06:09:00,esx-105,Comp 202,Jamie Lin
921,2022-03-19 06:09:00,esx-105,srv-265,Jamie Lin
922,2022-03-19 06:09:00,esx-105,comp 14,Jamie Lin
938,2022-03-19 06:09:00,esx-105,srv-343,Jamie Lin
937,2022-03-19 06:09:00,esx-105,mac-183,Jamie Lin
936,2022-03-19 06:09:00,esx-105,comp 803,Jamie Lin
935,2022-03-19 06:09:00,esx-105,Mac-639,Jamie Lin
934,2022-03-19 06:09:00,esx-105,mac-714,Jamie Lin
933,2022-03-19 06:09:00,esx-105,mac-243,Jamie Lin
932,2022-03-19 06:09:00,esx-105,Mac-758,Jamie Lin
903,2022-03-19 06:09:00,esx-105,mac-933,Jamie Lin
931,2022-03-19 06:09:00,esx-105,Mac-605,Jamie Lin
929,2022-03-19 06:09:00,esx-105,server298,Jamie Lin
928,2022-03-19 06:09:00,esx-105,comp 289,Jamie Lin
927,2022-03-19 06:09:00,esx-105,Mac-580,Jamie Lin
926,2022-03-19 06:09:00,esx-105,comp 489,Jamie Lin
925,2022-03-19 06:09:00,esx-105,comp 12,Jamie Lin
924,2022-03-19 06:09:00,esx-105,comp 188,Jamie Lin
923,2022-03-19 06:09:00,esx-105,comp 523,Jamie Lin
930,2022-03-19 06:09:00,esx-105,Mac-893,Jamie Lin
902,2022-03-19 06:09:00,esx-105,server829,Jamie Lin
901,2022-03-19 06:09:00,esx-105,comp 342,Jamie Lin
900,2022-03-19 06:09:00,esx-105,Server-machine-129,Jamie Lin
879,2022-03-19 06:09:00,esx-105,Server-machine-544,Jamie Lin
878,2022-03-19 06:09:00,esx-105,Server-machine-970,Jamie Lin
877,2022-03-19 06:09:00,esx-105,esx-323,Jamie Lin
876,2022-03-19 06:09:00,esx-105,Comp 349,Jamie Lin
875,2022-03-19 06:09:00,esx-105,server244,Jamie Lin
874,2022-03-19 06:09:00,esx-105,srv-982,Jamie Lin
873,2022-03-19 06:09:00,esx-105,server287,Jamie Lin
880,2022-03-19 06:09:00,esx-105,mac-831,Jamie Lin
872,2022-03-19 06:09:00,esx-105,server696,Jamie Lin
870,2022-03-19 06:09:00,esx-105,comp 83,Jamie Lin
869,2022-03-19 06:09:00,esx-105,server315,Jamie Lin
868,2022-03-19 06:09:00,esx-105,Comp 272,Jamie Lin
867,2022-03-19 06:09:00,esx-105,srv-628,Jamie Lin
866,2022-03-19 06:09:00,esx-105,Comp 533,Jamie Lin
865,2022-03-19 06:09:00,esx-105,Server-machine-170,Jamie Lin
864,2022-03-19 06:09:00,esx-105,Server-machine-969,Jamie Lin
871,2022-03-19 06:09:00,esx-105,srv-913,Jamie Lin
862,2022-03-19 06:09:00,esx-105,Server-machine-624,Jamie Lin
881,2022-03-19 06:09:00,esx-105,Server-machine-161,Jamie Lin
883,2022-03-19 06:09:00,esx-105,Mac-417,Jamie Lin
899,2022-03-19 06:09:00,esx-105,server176,Jamie Lin
898,2022-03-19 06:09:00,esx-105,Comp 785,Jamie Lin
897,2022-03-19 06:09:00,esx-105,comp 925,Jamie Lin
896,2022-03-19 06:09:00,esx-105,comp 732,Jamie Lin
895,2022-03-19 06:09:00,esx-105,Mac-11,Jamie Lin
894,2022-03-19 06:09:00,esx-105,srv-891,Jamie Lin
893,2022-03-19 06:09:00,esx-105,Mac-409,Jamie Lin
882,2022-03-19 06:09:00,esx-105,server235,Jamie Lin
892,2022-03-19 06:09:00,esx-105,Server-machine-512,Jamie Lin
890,2022-03-19 06:09:00,esx-105,Server-machine-93,Jamie Lin
889,2022-03-19 06:09:00,esx-105,Server-machine-444,Jamie Lin
888,2022-03-19 06:09:00,esx-105,Comp 277,Jamie Lin
887,2022-03-19 06:09:00,esx-105,Comp 955,Jamie Lin
886,2022-03-19 06:09:00,esx-105,esx-430,Jamie Lin
885,2022-03-19 06:09:00,esx-105,srv-991,Jamie Lin
884,2022-03-19 06:09:00,esx-105,server793,Jamie Lin
891,2022-03-19 06:09:00,esx-105,mac-199,Jamie Lin
784,2022-03-19 06:09:00,esx-105,esx-374,Jamie Lin
736,2022-03-19 06:09:00,esx-105,srv-94,Jamie Lin
782,2022-03-19 06:09:00,esx-105,srv-952,Jamie Lin
682,2022-03-19 06:09:00,esx-105,esx-802,Jamie Lin
681,2022-03-19 06:09:00,esx-105,Server-machine-952,Jamie Lin
680,2022-03-19 06:09:00,esx-105,server93,Jamie Lin
679,2022-03-19 06:09:00,esx-105,Server-machine-668,Jamie Lin
678,2022-03-19 06:09:00,esx-105,server813,Jamie Lin
677,2022-03-19 06:09:00,esx-105,srv-631,Jamie Lin
676,2022-03-19 06:09:00,esx-105,srv-875,Jamie Lin
675,2022-03-19 06:09:00,esx-105,srv-740,Jamie Lin
674,2022-03-19 06:09:00,esx-105,Comp 605,Jamie Lin
673,2022-03-19 06:09:00,esx-105,srv-328,Jamie Lin
672,2022-03-19 06:09:00,esx-105,Server-machine-746,Jamie Lin
671,2022-03-19 06:09:00,esx-105,esx-902,Jamie Lin
670,2022-03-19 06:09:00,esx-105,esx-313,Jamie Lin
669,2022-03-19 06:09:00,esx-105,Server-machine-156,Jamie Lin
668,2022-03-19 06:09:00,esx-105,comp 27,Jamie Lin
683,2022-03-19 06:09:00,esx-105,Mac-909,Jamie Lin
684,2022-03-19 06:09:00,esx-105,srv-545,Jamie Lin
685,2022-03-19 06:09:00,esx-105,Server-machine-340,Jamie Lin
686,2022-03-19 06:09:00,esx-105,Server-machine-992,Jamie Lin
702,2022-03-19 06:09:00,esx-105,Mac-105,Jamie Lin
701,2022-03-19 06:09:00,esx-105,Server-machine-773,Jamie Lin
700,2022-03-19 06:09:00,esx-105,srv-546,Jamie Lin
699,2022-03-19 06:09:00,esx-105,Mac-663,Jamie Lin
698,2022-03-19 06:09:00,esx-105,srv-989,Jamie Lin
697,2022-03-19 06:09:00,esx-105,Mac-648,Jamie Lin
696,2022-03-19 06:09:00,esx-105,srv-157,Jamie Lin
667,2022-03-19 06:09:00,esx-105,mac-514,Jamie Lin
695,2022-03-19 06:09:00,esx-105,comp 722,Jamie Lin
693,2022-03-19 06:09:00,esx-105,Mac-816,Jamie Lin
692,2022-03-19 06:09:00,esx-105,mac-455,Jamie Lin
691,2022-03-19 06:09:00,esx-105,Mac-483,Jamie Lin
690,2022-03-19 06:09:00,esx-105,server583,Jamie Lin
689,2022-03-19 06:09:00,esx-105,Mac-354,Jamie Lin
688,2022-03-19 06:09:00,esx-105,mac-434,Jamie Lin
687,2022-03-19 06:09:00,esx-105,comp 121,Jamie Lin
694,2022-03-19 06:09:00,esx-105,srv-777,Jamie Lin
703,2022-03-19 06:09:00,esx-105,Comp 90,Jamie Lin
666,2022-03-19 06:09:00,esx-105,esx-136,Jamie Lin
664,2022-03-19 06:09:00,esx-105,server648,Jamie Lin
643,2022-03-19 06:09:00,esx-105,server458,Jamie Lin
642,2022-03-19 06:09:00,esx-105,srv-79,Jamie Lin
641,2022-03-19 06:09:00,esx-105,comp 247,Jamie Lin
640,2022-03-19 06:09:00,esx-105,Comp 923,Jamie Lin
639,2022-03-19 06:09:00,esx-105,srv-798,Jamie Lin
638,2022-03-19 06:09:00,esx-105,Mac-153,Jamie Lin
637,2022-03-19 06:09:00,esx-105,Server-machine-380,Jamie Lin
636,2022-03-19 06:09:00,esx-105,srv-437,Jamie Lin
635,2022-03-19 06:09:00,esx-105,Server-machine-622,Jamie Lin
634,2022-03-19 06:09:00,esx-105,server477,Jamie Lin
633,2022-03-19 06:09:00,esx-105,srv-13,Jamie Lin
632,2022-03-19 06:09:00,esx-105,mac-440,Jamie Lin
631,2022-03-19 06:09:00,esx-105,server912,Jamie Lin
630,2022-03-19 06:09:00,esx-105,esx-419,Jamie Lin
629,2022-03-19 06:09:00,esx-105,Comp 739,Jamie Lin
644,2022-03-19 06:09:00,esx-105,server59,Jamie Lin
645,2022-03-19 06:09:00,esx-105,comp 854,Jamie Lin
646,2022-03-19 06:09:00,esx-105,srv-275,Jamie Lin
647,2022-03-19 06:09:00,esx-105,Mac-530,Jamie Lin
663,2022-03-19 06:09:00,esx-105,Server-machine-361,Jamie Lin
662,2022-03-19 06:09:00,esx-105,Comp 126,Jamie Lin
661,2022-03-19 06:09:00,esx-105,Mac-767,Jamie Lin
660,2022-03-19 06:09:00,esx-105,mac-402,Jamie Lin
659,2022-03-19 06:09:00,esx-105,server264,Jamie Lin
658,2022-03-19 06:09:00,esx-105,server108,Jamie Lin
657,2022-03-19 06:09:00,esx-105,Comp 292,Jamie Lin
665,2022-03-19 06:09:00,esx-105,Mac-629,Jamie Lin
656,2022-03-19 06:09:00,esx-105,srv-915,Jamie Lin
654,2022-03-19 06:09:00,esx-105,comp 532,Jamie Lin
653,2022-03-19 06:09:00,esx-105,comp 821,Jamie Lin
652,2022-03-19 06:09:00,esx-105,comp 461,Jamie Lin
651,2022-03-19 06:09:00,esx-105,mac-872,Jamie Lin
650,2022-03-19 06:09:00,esx-105,comp 332,Jamie Lin
649,2022-03-19 06:09:00,esx-105,mac-568,Jamie Lin
648,2022-03-19 06:09:00,esx-105,srv-997,Jamie Lin
655,2022-03-19 06:09:00,esx-105,esx-780,Jamie Lin
704,2022-03-19 06:09:00,esx-105,srv-284,Jamie Lin
705,2022-03-19 06:09:00,esx-105,comp 746,Jamie Lin
706,2022-03-19 06:09:00,esx-105,Comp 991,Jamie Lin
761,2022-03-19 06:09:00,esx-105,server876,Jamie Lin
760,2022-03-19 06:09:00,esx-105,Comp 635,Jamie Lin
759,2022-03-19 06:09:00,esx-105,Mac-348,Jamie Lin
758,2022-03-19 06:09:00,esx-105,Comp 706,Jamie Lin
757,2022-03-19 06:09:00,esx-105,srv-144,Jamie Lin
756,2022-03-19 06:09:00,esx-105,server605,Jamie Lin
755,2022-03-19 06:09:00,esx-105,Mac-72,Jamie Lin
754,2022-03-19 06:09:00,esx-105,Server-machine-128,Jamie Lin
753,2022-03-19 06:09:00,esx-105,srv-94,Jamie Lin
752,2022-03-19 06:09:00,esx-105,Mac-721,Jamie Lin
751,2022-03-19 06:09:00,esx-105,server567,Jamie Lin
750,2022-03-19 06:09:00,esx-105,comp 541,Jamie Lin
749,2022-03-19 06:09:00,esx-105,Comp 11,Jamie Lin
748,2022-03-19 06:09:00,esx-105,Server-machine-257,Jamie Lin
747,2022-03-19 06:09:00,esx-105,server785,Jamie Lin
762,2022-03-19 06:09:00,esx-105,esx-194,Jamie Lin
763,2022-03-19 06:09:00,esx-105,srv-136,Jamie Lin
764,2022-03-19 06:09:00,esx-105,comp 939,Jamie Lin
765,2022-03-19 06:09:00,esx-105,server649,Jamie Lin
781,2022-03-19 06:09:00,esx-105,mac-118,Jamie Lin
780,2022-03-19 06:09:00,esx-105,srv-198,Jamie Lin
779,2022-03-19 06:09:00,esx-105,srv-660,Jamie Lin
778,2022-03-19 06:09:00,esx-105,Mac-848,Jamie Lin
777,2022-03-19 06:09:00,esx-105,mac-844,Jamie Lin
776,2022-03-19 06:09:00,esx-105,esx-422,Jamie Lin
775,2022-03-19 06:09:00,esx-105,mac-156,Jamie Lin
746,2022-03-19 06:09:00,esx-105,server209,Jamie Lin
774,2022-03-19 06:09:00,esx-105,esx-998,Jamie Lin
772,2022-03-19 06:09:00,esx-105,esx-763,Jamie Lin
771,2022-03-19 06:09:00,esx-105,srv-442,Jamie Lin
770,2022-03-19 06:09:00,esx-105,srv-941,Jamie Lin
769,2022-03-19 06:09:00,esx-105,esx-303,Jamie Lin
768,2022-03-19 06:09:00,esx-105,Server-machine-687,Jamie Lin
767,2022-03-19 06:09:00,esx-105,server708,Jamie Lin
766,2022-03-19 06:09:00,esx-105,Comp 878,Jamie Lin
773,2022-03-19 06:09:00,esx-105,mac-28,Jamie Lin
745,2022-03-19 06:09:00,esx-105,Comp 160,Jamie Lin
744,2022-03-19 06:09:00,esx-105,Comp 37,Jamie Lin
743,2022-03-19 06:09:00,esx-105,Mac-230,Jamie Lin
722,2022-03-19 06:09:00,esx-105,comp 414,Jamie Lin
721,2022-03-19 06:09:00,esx-105,Mac-554,Jamie Lin
720,2022-03-19 06:09:00,esx-105,mac-28,Jamie Lin
719,2022-03-19 06:09:00,esx-105,Mac-648,Jamie Lin
718,2022-03-19 06:09:00,esx-105,srv-416,Jamie Lin
717,2022-03-19 06:09:00,esx-105,Server-machine-463,Jamie Lin
716,2022-03-19 06:09:00,esx-105,server728,Jamie Lin
723,2022-03-19 06:09:00,esx-105,esx-562,Jamie Lin
715,2022-03-19 06:09:00,esx-105,Comp 976,Jamie Lin
713,2022-03-19 06:09:00,esx-105,mac-971,Jamie Lin
712,2022-03-19 06:09:00,esx-105,srv-571,Jamie Lin
711,2022-03-19 06:09:00,esx-105,srv-276,Jamie Lin
710,2022-03-19 06:09:00,esx-105,esx-846,Jamie Lin
709,2022-03-19 06:09:00,esx-105,Comp 844,Jamie Lin
708,2022-03-19 06:09:00,esx-105,Comp 748,Jamie Lin
707,2022-03-19 06:09:00,esx-105,Comp 423,Jamie Lin
714,2022-03-19 06:09:00,esx-105,comp 670,Jamie Lin
783,2022-03-19 06:09:00,esx-105,server775,Jamie Lin
724,2022-03-19 06:09:00,esx-105,srv-16,Jamie Lin
726,2022-03-19 06:09:00,esx-105,srv-601,Jamie Lin
742,2022-03-19 06:09:00,esx-105,Mac-718,Jamie Lin
741,2022-03-19 06:09:00,esx-105,mac-453,Jamie Lin
740,2022-03-19 06:09:00,esx-105,esx-278,Jamie Lin
739,2022-03-19 06:09:00,esx-105,esx-324,Jamie Lin
738,2022-03-19 06:09:00,esx-105,Mac-127,Jamie Lin
737,2022-03-19 06:09:00,esx-105,Mac-725,Jamie Lin
939,2022-03-19 06:09:00,esx-105,Comp 835,Jamie Lin
725,2022-03-19 06:09:00,esx-105,server233,Jamie Lin
735,2022-03-19 06:09:00,esx-105,Comp 717,Jamie Lin
733,2022-03-19 06:09:00,esx-105,server581,Jamie Lin
732,2022-03-19 06:09:00,esx-105,server837,Jamie Lin
731,2022-03-19 06:09:00,esx-105,comp 297,Jamie Lin
730,2022-03-19 06:09:00,esx-105,comp 709,Jamie Lin
729,2022-03-19 06:09:00,esx-105,server872,Jamie Lin
728,2022-03-19 06:09:00,esx-105,server19,Jamie Lin
727,2022-03-19 06:09:00,esx-105,srv-59,Jamie Lin
734,2022-03-19 06:09:00,esx-105,server477,Jamie Lin
940,2022-03-19 06:09:00,esx-105,server3,Jamie Lin
1193,2022-03-19 06:09:00,esx-105,esx-507,Jamie Lin
942,2022-03-19 06:09:00,esx-105,comp 35,Jamie Lin
1154,2022-03-19 06:09:00,esx-105,esx-200,Jamie Lin
1153,2022-03-19 06:09:00,esx-105,comp 566,Jamie Lin
1152,2022-03-19 06:09:00,esx-105,Server-machine-626,Jamie Lin
1151,2022-03-19 06:09:00,esx-105,mac-693,Jamie Lin
1150,2022-03-19 06:09:00,esx-105,Mac-515,Jamie Lin
1149,2022-03-19 06:09:00,esx-105,mac-832,Jamie Lin
1148,2022-03-19 06:09:00,esx-105,mac-985,Jamie Lin
1147,2022-03-19 06:09:00,esx-105,comp 421,Jamie Lin
1146,2022-03-19 06:09:00,esx-105,esx-923,Jamie Lin
1145,2022-03-19 06:09:00,esx-105,mac-525,Jamie Lin
1144,2022-03-19 06:09:00,esx-105,srv-662,Jamie Lin
1143,2022-03-19 06:09:00,esx-105,Comp 791,Jamie Lin
1142,2022-03-19 06:09:00,esx-105,srv-953,Jamie Lin
1141,2022-03-19 06:09:00,esx-105,Server-machine-575,Jamie Lin
1140,2022-03-19 06:09:00,esx-105,Server-machine-94,Jamie Lin
1155,2022-03-19 06:09:00,esx-105,Server-machine-945,Jamie Lin
1156,2022-03-19 06:09:00,esx-105,comp 887,Jamie Lin
1157,2022-03-19 06:09:00,esx-105,comp 150,Jamie Lin
1158,2022-03-19 06:09:00,esx-105,mac-564,Jamie Lin
1174,2022-03-19 06:09:00,esx-105,Comp 747,Jamie Lin
1173,2022-03-19 06:09:00,esx-105,mac-997,Jamie Lin
1172,2022-03-19 06:09:00,esx-105,mac-780,Jamie Lin
1171,2022-03-19 06:09:00,esx-105,esx-829,Jamie Lin
1170,2022-03-19 06:09:00,esx-105,srv-261,Jamie Lin
1169,2022-03-19 06:09:00,esx-105,comp 147,Jamie Lin
1168,2022-03-19 06:09:00,esx-105,Comp 809,Jamie Lin
1139,2022-03-19 06:09:00,esx-105,srv-346,Jamie Lin
1167,2022-03-19 06:09:00,esx-105,Server-machine-224,Jamie Lin
1165,2022-03-19 06:09:00,esx-105,comp 787,Jamie Lin
1164,2022-03-19 06:09:00,esx-105,mac-24,Jamie Lin
1163,2022-03-19 06:09:00,esx-105,mac-756,Jamie Lin
1162,2022-03-19 06:09:00,esx-105,mac-140,Jamie Lin
1161,2022-03-19 06:09:00,esx-105,Comp 825,Jamie Lin
1160,2022-03-19 06:09:00,esx-105,server746,Jamie Lin
1159,2022-03-19 06:09:00,esx-105,mac-963,Jamie Lin
1166,2022-03-19 06:09:00,esx-105,Comp 970,Jamie Lin
1175,2022-03-19 06:09:00,esx-105,mac-266,Jamie Lin
1138,2022-03-19 06:09:00,esx-105,Comp 108,Jamie Lin
1136,2022-03-19 06:09:00,esx-105,esx-399,Jamie Lin
1115,2022-03-19 06:09:00,esx-105,server933,Jamie Lin
1114,2022-03-19 06:09:00,esx-105,srv-248,Jamie Lin
1113,2022-03-19 06:09:00,esx-105,mac-710,Jamie Lin
1112,2022-03-19 06:09:00,esx-105,server635,Jamie Lin
1111,2022-03-19 06:09:00,esx-105,Comp 888,Jamie Lin
1110,2022-03-19 06:09:00,esx-105,Comp 692,Jamie Lin
1109,2022-03-19 06:09:00,esx-105,Server-machine-75,Jamie Lin
1108,2022-03-19 06:09:00,esx-105,comp 701,Jamie Lin
1107,2022-03-19 06:09:00,esx-105,Mac-734,Jamie Lin
1106,2022-03-19 06:09:00,esx-105,Mac-9,Jamie Lin
1105,2022-03-19 06:09:00,esx-105,Comp 616,Jamie Lin
1104,2022-03-19 06:09:00,esx-105,comp 198,Jamie Lin
1103,2022-03-19 06:09:00,esx-105,srv-261,Jamie Lin
1102,2022-03-19 06:09:00,esx-105,srv-149,Jamie Lin
1101,2022-03-19 06:09:00,esx-105,comp 736,Jamie Lin
1116,2022-03-19 06:09:00,esx-105,comp 62,Jamie Lin
1117,2022-03-19 06:09:00,esx-105,comp 704,Jamie Lin
1118,2022-03-19 06:09:00,esx-105,mac-152,Jamie Lin
1119,2022-03-19 06:09:00,esx-105,Mac-688,Jamie Lin
1135,2022-03-19 06:09:00,esx-105,Comp 446,Jamie Lin
1134,2022-03-19 06:09:00,esx-105,comp 407,Jamie Lin
1133,2022-03-19 06:09:00,esx-105,Server-machine-840,Jamie Lin
1132,2022-03-19 06:09:00,esx-105,esx-294,Jamie Lin
1131,2022-03-19 06:09:00,esx-105,srv-956,Jamie Lin
1130,2022-03-19 06:09:00,esx-105,Mac-434,Jamie Lin
1129,2022-03-19 06:09:00,esx-105,Comp 351,Jamie Lin
1137,2022-03-19 06:09:00,esx-105,mac-837,Jamie Lin
1128,2022-03-19 06:09:00,esx-105,Mac-870,Jamie Lin
1126,2022-03-19 06:09:00,esx-105,esx-938,Jamie Lin
1125,2022-03-19 06:09:00,esx-105,mac-653,Jamie Lin
1124,2022-03-19 06:09:00,esx-105,esx-246,Jamie Lin
1123,2022-03-19 06:09:00,esx-105,Server-machine-119,Jamie Lin
1122,2022-03-19 06:09:00,esx-105,Server-machine-457,Jamie Lin
1121,2022-03-19 06:09:00,esx-105,srv-261,Jamie Lin
1120,2022-03-19 06:09:00,esx-105,mac-182,Jamie Lin
1127,2022-03-19 06:09:00,esx-105,srv-447,Jamie Lin
1176,2022-03-19 06:09:00,esx-105,srv-231,Jamie Lin
1177,2022-03-19 06:09:00,esx-105,mac-282,Jamie Lin
1178,2022-03-19 06:09:00,esx-105,mac-814,Jamie Lin
1233,2022-03-19 06:09:00,esx-105,srv-818,Jamie Lin
1232,2022-03-19 06:09:00,esx-105,comp 394,Jamie Lin
1231,2022-03-19 06:09:00,esx-105,Comp 13,Jamie Lin
1230,2022-03-19 06:09:00,esx-105,mac-561,Jamie Lin
1229,2022-03-19 06:09:00,esx-105,Comp 318,Jamie Lin
1228,2022-03-19 06:09:00,esx-105,Comp 180,Jamie Lin
1227,2022-03-19 06:09:00,esx-105,Mac-983,Jamie Lin
1226,2022-03-19 06:09:00,esx-105,esx-28,Jamie Lin
1225,2022-03-19 06:09:00,esx-105,Mac-308,Jamie Lin
1224,2022-03-19 06:09:00,esx-105,Mac-263,Jamie Lin
1223,2022-03-19 06:09:00,esx-105,Mac-682,Jamie Lin
1222,2022-03-19 06:09:00,esx-105,esx-571,Jamie Lin
1221,2022-03-19 06:09:00,esx-105,Server-machine-683,Jamie Lin
1220,2022-03-19 06:09:00,esx-105,Server-machine-862,Jamie Lin
1219,2022-03-19 06:09:00,esx-105,esx-243,Jamie Lin
1234,2022-03-19 06:09:00,esx-105,Comp 836,Jamie Lin
1235,2022-03-19 06:09:00,esx-105,esx-36,Jamie Lin
1236,2022-03-19 06:09:00,esx-105,comp 309,Jamie Lin
1237,2022-03-19 06:09:00,esx-105,Comp 343,Jamie Lin
1253,2022-03-19 06:09:00,esx-105,Mac-421,Jamie Lin
1252,2022-03-19 06:09:00,esx-105,Mac-366,Jamie Lin
1251,2022-03-19 06:09:00,esx-105,comp 653,Jamie Lin
1250,2022-03-19 06:09:00,esx-105,mac-79,Jamie Lin
1249,2022-03-19 06:09:00,esx-105,Comp 193,Jamie Lin
1248,2022-03-19 06:09:00,esx-105,Server-machine-425,Jamie Lin
1247,2022-03-19 06:09:00,esx-105,esx-613,Jamie Lin
1218,2022-03-19 06:09:00,esx-105,comp 939,Jamie Lin
1246,2022-03-19 06:09:00,esx-105,mac-291,Jamie Lin
1244,2022-03-19 06:09:00,esx-105,srv-795,Jamie Lin
1243,2022-03-19 06:09:00,esx-105,comp 64,Jamie Lin
1242,2022-03-19 06:09:00,esx-105,Mac-61,Jamie Lin
1241,2022-03-19 06:09:00,esx-105,Comp 355,Jamie Lin
1240,2022-03-19 06:09:00,esx-105,comp 338,Jamie Lin
1239,2022-03-19 06:09:00,esx-105,Comp 456,Jamie Lin
1238,2022-03-19 06:09:00,esx-105,mac-981,Jamie Lin
1245,2022-03-19 06:09:00,esx-105,server140,Jamie Lin
1217,2022-03-19 06:09:00,esx-105,Mac-113,Jamie Lin
1216,2022-03-19 06:09:00,esx-105,Server-machine-908,Jamie Lin
1215,2022-03-19 06:09:00,esx-105,Server-machine-178,Jamie Lin
1194,2022-03-19 06:09:00,esx-105,srv-958,Jamie Lin
628,2022-03-19 06:09:00,esx-105,Mac-493,Jamie Lin
1192,2022-03-19 06:09:00,esx-105,comp 265,Jamie Lin
1191,2022-03-19 06:09:00,esx-105,comp 915,Jamie Lin
1190,2022-03-19 06:09:00,esx-105,esx-893,Jamie Lin
1189,2022-03-19 06:09:00,esx-105,server982,Jamie Lin
1188,2022-03-19 06:09:00,esx-105,Comp 276,Jamie Lin
1195,2022-03-19 06:09:00,esx-105,srv-992,Jamie Lin
1187,2022-03-19 06:09:00,esx-105,srv-70,Jamie Lin
1185,2022-03-19 06:09:00,esx-105,srv-923,Jamie Lin
1184,2022-03-19 06:09:00,esx-105,mac-882,Jamie Lin
1183,2022-03-19 06:09:00,esx-105,Comp 15,Jamie Lin
1182,2022-03-19 06:09:00,esx-105,Server-machine-237,Jamie Lin
1181,2022-03-19 06:09:00,esx-105,comp 806,Jamie Lin
1180,2022-03-19 06:09:00,esx-105,mac-28,Jamie Lin
1179,2022-03-19 06:09:00,esx-105,Mac-501,Jamie Lin
1186,2022-03-19 06:09:00,esx-105,esx-34,Jamie Lin
1100,2022-03-19 06:09:00,esx-105,esx-215,Jamie Lin
1196,2022-03-19 06:09:00,esx-105,comp 374,Jamie Lin
1198,2022-03-19 06:09:00,esx-105,comp 490,Jamie Lin
1214,2022-03-19 06:09:00,esx-105,Server-machine-128,Jamie Lin
1213,2022-03-19 06:09:00,esx-105,server219,Jamie Lin
1212,2022-03-19 06:09:00,esx-105,mac-753,Jamie Lin
1211,2022-03-19 06:09:00,esx-105,comp 542,Jamie Lin
1210,2022-03-19 06:09:00,esx-105,esx-468,Jamie Lin
1209,2022-03-19 06:09:00,esx-105,Mac-472,Jamie Lin
1208,2022-03-19 06:09:00,esx-105,Server-machine-36,Jamie Lin
1197,2022-03-19 06:09:00,esx-105,Mac-949,Jamie Lin
1207,2022-03-19 06:09:00,esx-105,comp 499,Jamie Lin
1205,2022-03-19 06:09:00,esx-105,esx-645,Jamie Lin
1204,2022-03-19 06:09:00,esx-105,esx-267,Jamie Lin
1203,2022-03-19 06:09:00,esx-105,Server-machine-313,Jamie Lin
1202,2022-03-19 06:09:00,esx-105,server180,Jamie Lin
1201,2022-03-19 06:09:00,esx-105,Mac-330,Jamie Lin
1200,2022-03-19 06:09:00,esx-105,Comp 260,Jamie Lin
1199,2022-03-19 06:09:00,esx-105,Server-machine-287,Jamie Lin
1206,2022-03-19 06:09:00,esx-105,esx-635,Jamie Lin
1099,2022-03-19 06:09:00,esx-105,srv-80,Jamie Lin
1098,2022-03-19 06:09:00,esx-105,mac-428,Jamie Lin
1097,2022-03-19 06:09:00,esx-105,Comp 445,Jamie Lin
997,2022-03-19 06:09:00,esx-105,Comp 104,Jamie Lin
996,2022-03-19 06:09:00,esx-105,mac-162,Jamie Lin
995,2022-03-19 06:09:00,esx-105,srv-516,Jamie Lin
994,2022-03-19 06:09:00,esx-105,mac-139,Jamie Lin
993,2022-03-19 06:09:00,esx-105,mac-899,Jamie Lin
992,2022-03-19 06:09:00,esx-105,srv-503,Jamie Lin
991,2022-03-19 06:09:00,esx-105,esx-459,Jamie Lin
990,2022-03-19 06:09:00,esx-105,comp 687,Jamie Lin
989,2022-03-19 06:09:00,esx-105,srv-235,Jamie Lin
988,2022-03-19 06:09:00,esx-105,Mac-318,Jamie Lin
987,2022-03-19 06:09:00,esx-105,Server-machine-963,Jamie Lin
986,2022-03-19 06:09:00,esx-105,Mac-604,Jamie Lin
985,2022-03-19 06:09:00,esx-105,server73,Jamie Lin
984,2022-03-19 06:09:00,esx-105,comp 305,Jamie Lin
983,2022-03-19 06:09:00,esx-105,esx-102,Jamie Lin
998,2022-03-19 06:09:00,esx-105,Mac-810,Jamie Lin
999,2022-03-19 06:09:00,esx-105,comp 339,Jamie Lin
1000,2022-03-19 06:09:00,esx-105,srv-674,Jamie Lin
1001,2022-03-19 06:09:00,esx-105,esx-676,Jamie Lin
1017,2022-03-19 06:09:00,esx-105,Server-machine-886,Jamie Lin
1016,2022-03-19 06:09:00,esx-105,comp 92,Jamie Lin
1015,2022-03-19 06:09:00,esx-105,esx-101,Jamie Lin
1014,2022-03-19 06:09:00,esx-105,Server-machine-781,Jamie Lin
1013,2022-03-19 06:09:00,esx-105,mac-826,Jamie Lin
1012,2022-03-19 06:09:00,esx-105,comp 113,Jamie Lin
1011,2022-03-19 06:09:00,esx-105,Comp 526,Jamie Lin
982,2022-03-19 06:09:00,esx-105,server255,Jamie Lin
1010,2022-03-19 06:09:00,esx-105,Server-machine-523,Jamie Lin
1008,2022-03-19 06:09:00,esx-105,server395,Jamie Lin
1007,2022-03-19 06:09:00,esx-105,Comp 327,Jamie Lin
1006,2022-03-19 06:09:00,esx-105,srv-246,Jamie Lin
1005,2022-03-19 06:09:00,esx-105,srv-367,Jamie Lin
1004,2022-03-19 06:09:00,esx-105,Server-machine-547,Jamie Lin
1003,2022-03-19 06:09:00,esx-105,comp 460,Jamie Lin
1002,2022-03-19 06:09:00,esx-105,mac-653,Jamie Lin
1009,2022-03-19 06:09:00,esx-105,srv-920,Jamie Lin
981,2022-03-19 06:09:00,esx-105,mac-554,Jamie Lin
980,2022-03-19 06:09:00,esx-105,esx-408,Jamie Lin
979,2022-03-19 06:09:00,esx-105,server453,Jamie Lin
958,2022-03-19 06:09:00,esx-105,Comp 792,Jamie Lin
957,2022-03-19 06:09:00,esx-105,server28,Jamie Lin
956,2022-03-19 06:09:00,esx-105,comp 973,Jamie Lin
955,2022-03-19 06:09:00,esx-105,comp 810,Jamie Lin
954,2022-03-19 06:09:00,esx-105,Comp 697,Jamie Lin
953,2022-03-19 06:09:00,esx-105,esx-764,Jamie Lin
952,2022-03-19 06:09:00,esx-105,mac-42,Jamie Lin
959,2022-03-19 06:09:00,esx-105,comp 150,Jamie Lin
951,2022-03-19 06:09:00,esx-105,Server-machine-641,Jamie Lin
949,2022-03-19 06:09:00,esx-105,Server-machine-264,Jamie Lin
948,2022-03-19 06:09:00,esx-105,Mac-657,Jamie Lin
947,2022-03-19 06:09:00,esx-105,Comp 476,Jamie Lin
946,2022-03-19 06:09:00,esx-105,server463,Jamie Lin
945,2022-03-19 06:09:00,esx-105,Comp 605,Jamie Lin
944,2022-03-19 06:09:00,esx-105,comp 161,Jamie Lin
943,2022-03-19 06:09:00,esx-105,server630,Jamie Lin
950,2022-03-19 06:09:00,esx-105,mac-652,Jamie Lin
1018,2022-03-19 06:09:00,esx-105,server822,Jamie Lin
960,2022-03-19 06:09:00,esx-105,server303,Jamie Lin
962,2022-03-19 06:09:00,esx-105,Server-machine-208,Jamie Lin
978,2022-03-19 06:09:00,esx-105,Comp 250,Jamie Lin
977,2022-03-19 06:09:00,esx-105,Comp 804,Jamie Lin
976,2022-03-19 06:09:00,esx-105,srv-441,Jamie Lin
975,2022-03-19 06:09:00,esx-105,Comp 410,Jamie Lin
974,2022-03-19 06:09:00,esx-105,mac-734,Jamie Lin
973,2022-03-19 06:09:00,esx-105,comp 946,Jamie Lin
972,2022-03-19 06:09:00,esx-105,mac-595,Jamie Lin
961,2022-03-19 06:09:00,esx-105,comp 631,Jamie Lin
971,2022-03-19 06:09:00,esx-105,comp 92,Jamie Lin
969,2022-03-19 06:09:00,esx-105,server97,Jamie Lin
968,2022-03-19 06:09:00,esx-105,comp 570,Jamie Lin
967,2022-03-19 06:09:00,esx-105,srv-19,Jamie Lin
966,2022-03-19 06:09:00,esx-105,mac-163,Jamie Lin
965,2022-03-19 06:09:00,esx-105,Comp 541,Jamie Lin
964,2022-03-19 06:09:00,esx-105,srv-364,Jamie Lin
963,2022-03-19 06:09:00,esx-105,Comp 759,Jamie Lin
970,2022-03-19 06:09:00,esx-105,Server-machine-604,Jamie Lin
941,2022-03-19 06:09:00,esx-105,srv-286,Jamie Lin
1019,2022-03-19 06:09:00,esx-105,esx-236,Jamie Lin
1021,2022-03-19 06:09:00,esx-105,comp 777,Jamie Lin
1076,2022-03-19 06:09:00,esx-105,Comp 218,Jamie Lin
1075,2022-03-19 06:09:00,esx-105,esx-14,Jamie Lin
1074,2022-03-19 06:09:00,esx-105,Server-machine-849,Jamie Lin
1073,2022-03-19 06:09:00,esx-105,esx-454,Jamie Lin
1072,2022-03-19 06:09:00,esx-105,Server-machine-429,Jamie Lin
1071,2022-03-19 06:09:00,esx-105,Comp 782,Jamie Lin
1070,2022-03-19 06:09:00,esx-105,Mac-177,Jamie Lin
1069,2022-03-19 06:09:00,esx-105,comp 607,Jamie Lin
1068,2022-03-19 06:09:00,esx-105,comp 759,Jamie Lin
1067,2022-03-19 06:09:00,esx-105,esx-684,Jamie Lin
1066,2022-03-19 06:09:00,esx-105,comp 911,Jamie Lin
1065,2022-03-19 06:09:00,esx-105,server765,Jamie Lin
1064,2022-03-19 06:09:00,esx-105,Mac-745,Jamie Lin
1063,2022-03-19 06:09:00,esx-105,Comp 826,Jamie Lin
1062,2022-03-19 06:09:00,esx-105,Mac-232,Jamie Lin
1077,2022-03-19 06:09:00,esx-105,Comp 502,Jamie Lin
1078,2022-03-19 06:09:00,esx-105,mac-737,Jamie Lin
1079,2022-03-19 06:09:00,esx-105,Mac-433,Jamie Lin
1080,2022-03-19 06:09:00,esx-105,srv-565,Jamie Lin
1096,2022-03-19 06:09:00,esx-105,Mac-364,Jamie Lin
1095,2022-03-19 06:09:00,esx-105,srv-830,Jamie Lin
1094,2022-03-19 06:09:00,esx-105,srv-948,Jamie Lin
1093,2022-03-19 06:09:00,esx-105,esx-710,Jamie Lin
1092,2022-03-19 06:09:00,esx-105,comp 386,Jamie Lin
1091,2022-03-19 06:09:00,esx-105,esx-969,Jamie Lin
1090,2022-03-19 06:09:00,esx-105,esx-618,Jamie Lin
1061,2022-03-19 06:09:00,esx-105,comp 765,Jamie Lin
1089,2022-03-19 06:09:00,esx-105,esx-411,Jamie Lin
1087,2022-03-19 06:09:00,esx-105,mac-305,Jamie Lin
1086,2022-03-19 06:09:00,esx-105,esx-840,Jamie Lin
1085,2022-03-19 06:09:00,esx-105,mac-968,Jamie Lin
1084,2022-03-19 06:09:00,esx-105,Mac-211,Jamie Lin
1083,2022-03-19 06:09:00,esx-105,srv-973,Jamie Lin
1082,2022-03-19 06:09:00,esx-105,mac-210,Jamie Lin
1081,2022-03-19 06:09:00,esx-105,Mac-186,Jamie Lin
1088,2022-03-19 06:09:00,esx-105,comp 410,Jamie Lin
1060,2022-03-19 06:09:00,esx-105,srv-845,Jamie Lin
1059,2022-03-19 06:09:00,esx-105,comp 294,Jamie Lin
1058,2022-03-19 06:09:00,esx-105,comp 719,Jamie Lin
1037,2022-03-19 06:09:00,esx-105,esx-275,Jamie Lin
1036,2022-03-19 06:09:00,esx-105,comp 263,Jamie Lin
1035,2022-03-19 06:09:00,esx-105,Server-machine-168,Jamie Lin
1034,2022-03-19 06:09:00,esx-105,srv-929,Jamie Lin
1033,2022-03-19 06:09:00,esx-105,server728,Jamie Lin
1032,2022-03-19 06:09:00,esx-105,mac-238,Jamie Lin
1031,2022-03-19 06:09:00,esx-105,esx-735,Jamie Lin
1038,2022-03-19 06:09:00,esx-105,comp 968,Jamie Lin
1030,2022-03-19 06:09:00,esx-105,srv-799,Jamie Lin
1028,2022-03-19 06:09:00,esx-105,mac-712,Jamie Lin
1027,2022-03-19 06:09:00,esx-105,esx-846,Jamie Lin
1026,2022-03-19 06:09:00,esx-105,server103,Jamie Lin
1025,2022-03-19 06:09:00,esx-105,comp 627,Jamie Lin
1024,2022-03-19 06:09:00,esx-105,server494,Jamie Lin
1023,2022-03-19 06:09:00,esx-105,server915,Jamie Lin
1022,2022-03-19 06:09:00,esx-105,srv-559,Jamie Lin
1029,2022-03-19 06:09:00,esx-105,Mac-684,Jamie Lin
1020,2022-03-19 06:09:00,esx-105,mac-58,Jamie Lin
1039,2022-03-19 06:09:00,esx-105,esx-269,Jamie Lin
1041,2022-03-19 06:09:00,esx-105,Mac-335,Jamie Lin
1057,2022-03-19 06:09:00,esx-105,server215,Jamie Lin
1056,2022-03-19 06:09:00,esx-105,esx-384,Jamie Lin
1055,2022-03-19 06:09:00,esx-105,esx-54,Jamie Lin
1054,2022-03-19 06:09:00,esx-105,Server-machine-224,Jamie Lin
1053,2022-03-19 06:09:00,esx-105,Comp 201,Jamie Lin
1052,2022-03-19 06:09:00,esx-105,esx-472,Jamie Lin
1051,2022-03-19 06:09:00,esx-105,Mac-847,Jamie Lin
1040,2022-03-19 06:09:00,esx-105,Comp 212,Jamie Lin
1050,2022-03-19 06:09:00,esx-105,Comp 170,Jamie Lin
1048,2022-03-19 06:09:00,esx-105,comp 758,Jamie Lin
1047,2022-03-19 06:09:00,esx-105,mac-983,Jamie Lin
1046,2022-03-19 06:09:00,esx-105,srv-707,Jamie Lin
1045,2022-03-19 06:09:00,esx-105,srv-212,Jamie Lin
1044,2022-03-19 06:09:00,esx-105,Server-machine-435,Jamie Lin
1043,2022-03-19 06:09:00,esx-105,comp 770,Jamie Lin
1042,2022-03-19 06:09:00,esx-105,Server-machine-730,Jamie Lin
1049,2022-03-19 06:09:00,esx-105,server434,Jamie Lin
627,2022-03-19 06:09:00,esx-105,Mac-906,Jamie Lin
374,2022-03-19 06:09:00,esx-105,esx-238,Jamie Lin
625,2022-03-19 06:09:00,esx-105,comp 920,Jamie Lin
210,2022-03-19 06:09:00,esx-105,esx-610,Jamie Lin
209,2022-03-19 06:09:00,esx-105,Comp 294,Jamie Lin
208,2022-03-19 06:09:00,esx-105,Comp 231,Jamie Lin
207,2022-03-19 06:09:00,esx-105,esx-414,Jamie Lin
206,2022-03-19 06:09:00,esx-105,srv-356,Jamie Lin
205,2022-03-19 06:09:00,esx-105,Comp 810,Jamie Lin
204,2022-03-19 06:09:00,esx-105,esx-516,Jamie Lin
203,2022-03-19 06:09:00,esx-105,esx-940,Jamie Lin
202,2022-03-19 06:09:00,esx-105,Server-machine-84,Jamie Lin
201,2022-03-19 06:09:00,esx-105,Server-machine-728,Jamie Lin
200,2022-03-19 06:09:00,esx-105,comp 908,Jamie Lin
199,2022-03-19 06:09:00,esx-105,Server-machine-979,Jamie Lin
198,2022-03-19 06:09:00,esx-105,Server-machine-90,Jamie Lin
197,2022-03-19 06:09:00,esx-105,server410,Jamie Lin
196,2022-03-19 06:09:00,esx-105,mac-938,Jamie Lin
211,2022-03-19 06:09:00,esx-105,Server-machine-244,Jamie Lin
212,2022-03-19 06:09:00,esx-105,Server-machine-53,Jamie Lin
213,2022-03-19 06:09:00,esx-105,srv-715,Jamie Lin
214,2022-03-19 06:09:00,esx-105,comp 850,Jamie Lin
230,2022-03-19 06:09:00,esx-105,srv-587,Jamie Lin
229,2022-03-19 06:09:00,esx-105,esx-291,Jamie Lin
228,2022-03-19 06:09:00,esx-105,mac-387,Jamie Lin
227,2022-03-19 06:09:00,esx-105,comp 884,Jamie Lin
226,2022-03-19 06:09:00,esx-105,esx-131,Jamie Lin
225,2022-03-19 06:09:00,esx-105,Comp 253,Jamie Lin
224,2022-03-19 06:09:00,esx-105,Mac-403,Jamie Lin
195,2022-03-19 06:09:00,esx-105,srv-139,Jamie Lin
223,2022-03-19 06:09:00,esx-105,Comp 322,Jamie Lin
221,2022-03-19 06:09:00,esx-105,esx-793,Jamie Lin
220,2022-03-19 06:09:00,esx-105,srv-272,Jamie Lin
219,2022-03-19 06:09:00,esx-105,server219,Jamie Lin
218,2022-03-19 06:09:00,esx-105,Comp 383,Jamie Lin
217,2022-03-19 06:09:00,esx-105,server136,Jamie Lin
216,2022-03-19 06:09:00,esx-105,srv-562,Jamie Lin
215,2022-03-19 06:09:00,esx-105,server215,Jamie Lin
222,2022-03-19 06:09:00,esx-105,srv-461,Jamie Lin
231,2022-03-19 06:09:00,esx-105,esx-577,Jamie Lin
194,2022-03-19 06:09:00,esx-105,Server-machine-473,Jamie Lin
192,2022-03-19 06:09:00,esx-105,Comp 69,Jamie Lin
171,2022-03-19 06:09:00,esx-105,srv-9,Jamie Lin
170,2022-03-19 06:09:00,esx-105,server753,Jamie Lin
169,2022-03-19 06:09:00,esx-105,Comp 945,Jamie Lin
168,2022-03-19 06:09:00,esx-105,Server-machine-644,Jamie Lin
167,2022-03-19 06:09:00,esx-105,server278,Jamie Lin
166,2022-03-19 06:09:00,esx-105,Mac-797,Jamie Lin
165,2022-03-19 06:09:00,esx-105,comp 124,Jamie Lin
164,2022-03-19 06:09:00,esx-105,server247,Jamie Lin
163,2022-03-19 06:09:00,esx-105,Mac-247,Jamie Lin
162,2022-03-19 06:09:00,esx-105,mac-38,Jamie Lin
161,2022-03-19 06:09:00,esx-105,Server-machine-493,Jamie Lin
160,2022-03-19 06:09:00,esx-105,comp 378,Jamie Lin
159,2022-03-19 06:09:00,esx-105,server646,Jamie Lin
158,2022-03-19 06:09:00,esx-105,mac-508,Jamie Lin
157,2022-03-19 06:09:00,esx-105,server373,Jamie Lin
172,2022-03-19 06:09:00,esx-105,esx-720,Jamie Lin
173,2022-03-19 06:09:00,esx-105,srv-778,Jamie Lin
174,2022-03-19 06:09:00,esx-105,server78,Jamie Lin
175,2022-03-19 06:09:00,esx-105,esx-295,Jamie Lin
191,2022-03-19 06:09:00,esx-105,comp 887,Jamie Lin
190,2022-03-19 06:09:00,esx-105,esx-369,Jamie Lin
189,2022-03-19 06:09:00,esx-105,mac-493,Jamie Lin
188,2022-03-19 06:09:00,esx-105,server770,Jamie Lin
187,2022-03-19 06:09:00,esx-105,Server-machine-813,Jamie Lin
186,2022-03-19 06:09:00,esx-105,server784,Jamie Lin
185,2022-03-19 06:09:00,esx-105,srv-507,Jamie Lin
193,2022-03-19 06:09:00,esx-105,mac-278,Jamie Lin
184,2022-03-19 06:09:00,esx-105,Server-machine-878,Jamie Lin
182,2022-03-19 06:09:00,esx-105,mac-986,Jamie Lin
181,2022-03-19 06:09:00,esx-105,esx-740,Jamie Lin
180,2022-03-19 06:09:00,esx-105,comp 704,Jamie Lin
179,2022-03-19 06:09:00,esx-105,srv-106,Jamie Lin
178,2022-03-19 06:09:00,esx-105,Comp 325,Jamie Lin
177,2022-03-19 06:09:00,esx-105,Mac-153,Jamie Lin
176,2022-03-19 06:09:00,esx-105,esx-637,Jamie Lin
183,2022-03-19 06:09:00,esx-105,comp 157,Jamie Lin
232,2022-03-19 06:09:00,esx-105,mac-232,Jamie Lin
233,2022-03-19 06:09:00,esx-105,server859,Jamie Lin
234,2022-03-19 06:09:00,esx-105,Comp 237,Jamie Lin
289,2022-03-19 06:09:00,esx-105,Mac-700,Jamie Lin
288,2022-03-19 06:09:00,esx-105,server69,Jamie Lin
287,2022-03-19 06:09:00,esx-105,server811,Jamie Lin
286,2022-03-19 06:09:00,esx-105,Mac-388,Jamie Lin
285,2022-03-19 06:09:00,esx-105,mac-889,Jamie Lin
284,2022-03-19 06:09:00,esx-105,esx-259,Jamie Lin
283,2022-03-19 06:09:00,esx-105,Comp 854,Jamie Lin
282,2022-03-19 06:09:00,esx-105,comp 905,Jamie Lin
281,2022-03-19 06:09:00,esx-105,Mac-290,Jamie Lin
280,2022-03-19 06:09:00,esx-105,Mac-361,Jamie Lin
279,2022-03-19 06:09:00,esx-105,server528,Jamie Lin
278,2022-03-19 06:09:00,esx-105,server545,Jamie Lin
277,2022-03-19 06:09:00,esx-105,srv-155,Jamie Lin
276,2022-03-19 06:09:00,esx-105,Server-machine-946,Jamie Lin
275,2022-03-19 06:09:00,esx-105,Mac-126,Jamie Lin
290,2022-03-19 06:09:00,esx-105,Mac-418,Jamie Lin
291,2022-03-19 06:09:00,esx-105,srv-41,Jamie Lin
292,2022-03-19 06:09:00,esx-105,Server-machine-198,Jamie Lin
293,2022-03-19 06:09:00,esx-105,mac-604,Jamie Lin
309,2022-03-19 06:09:00,esx-105,srv-917,Jamie Lin
308,2022-03-19 06:09:00,esx-105,esx-714,Jamie Lin
307,2022-03-19 06:09:00,esx-105,Mac-305,Jamie Lin
306,2022-03-19 06:09:00,esx-105,mac-57,Jamie Lin
305,2022-03-19 06:09:00,esx-105,Mac-456,Jamie Lin
304,2022-03-19 06:09:00,esx-105,server425,Jamie Lin
303,2022-03-19 06:09:00,esx-105,Mac-31,Jamie Lin
274,2022-03-19 06:09:00,esx-105,Server-machine-890,Jamie Lin
302,2022-03-19 06:09:00,esx-105,comp 346,Jamie Lin
300,2022-03-19 06:09:00,esx-105,Server-machine-420,Jamie Lin
299,2022-03-19 06:09:00,esx-105,comp 709,Jamie Lin
298,2022-03-19 06:09:00,esx-105,Mac-54,Jamie Lin
297,2022-03-19 06:09:00,esx-105,server936,Jamie Lin
296,2022-03-19 06:09:00,esx-105,mac-648,Jamie Lin
295,2022-03-19 06:09:00,esx-105,mac-947,Jamie Lin
294,2022-03-19 06:09:00,esx-105,server30,Jamie Lin
301,2022-03-19 06:09:00,esx-105,Comp 347,Jamie Lin
273,2022-03-19 06:09:00,esx-105,Mac-59,Jamie Lin
272,2022-03-19 06:09:00,esx-105,Mac-5,Jamie Lin
271,2022-03-19 06:09:00,esx-105,mac-396,Jamie Lin
250,2022-03-19 06:09:00,esx-105,srv-664,Jamie Lin
249,2022-03-19 06:09:00,esx-105,server939,Jamie Lin
248,2022-03-19 06:09:00,esx-105,mac-511,Jamie Lin
247,2022-03-19 06:09:00,esx-105,esx-537,Jamie Lin
246,2022-03-19 06:09:00,esx-105,server503,Jamie Lin
245,2022-03-19 06:09:00,esx-105,Mac-149,Jamie Lin
244,2022-03-19 06:09:00,esx-105,comp 436,Jamie Lin
251,2022-03-19 06:09:00,esx-105,mac-571,Jamie Lin
243,2022-03-19 06:09:00,esx-105,comp 919,Jamie Lin
241,2022-03-19 06:09:00,esx-105,Comp 784,Jamie Lin
240,2022-03-19 06:09:00,esx-105,srv-145,Jamie Lin
239,2022-03-19 06:09:00,esx-105,mac-588,Jamie Lin
238,2022-03-19 06:09:00,esx-105,comp 922,Jamie Lin
237,2022-03-19 06:09:00,esx-105,esx-598,Jamie Lin
236,2022-03-19 06:09:00,esx-105,comp 851,Jamie Lin
235,2022-03-19 06:09:00,esx-105,server143,Jamie Lin
242,2022-03-19 06:09:00,esx-105,comp 385,Jamie Lin
156,2022-03-19 06:09:00,esx-105,Comp 518,Jamie Lin
252,2022-03-19 06:09:00,esx-105,Mac-579,Jamie Lin
254,2022-03-19 06:09:00,esx-105,server660,Jamie Lin
270,2022-03-19 06:09:00,esx-105,Comp 775,Jamie Lin
269,2022-03-19 06:09:00,esx-105,srv-472,Jamie Lin
268,2022-03-19 06:09:00,esx-105,mac-529,Jamie Lin
267,2022-03-19 06:09:00,esx-105,Mac-706,Jamie Lin
266,2022-03-19 06:09:00,esx-105,Server-machine-939,Jamie Lin
265,2022-03-19 06:09:00,esx-105,comp 892,Jamie Lin
264,2022-03-19 06:09:00,esx-105,srv-161,Jamie Lin
253,2022-03-19 06:09:00,esx-105,Mac-17,Jamie Lin
263,2022-03-19 06:09:00,esx-105,mac-59,Jamie Lin
261,2022-03-19 06:09:00,esx-105,srv-386,Jamie Lin
260,2022-03-19 06:09:00,esx-105,server362,Jamie Lin
259,2022-03-19 06:09:00,esx-105,esx-658,Jamie Lin
258,2022-03-19 06:09:00,esx-105,server724,Jamie Lin
257,2022-03-19 06:09:00,esx-105,mac-212,Jamie Lin
256,2022-03-19 06:09:00,esx-105,Comp 657,Jamie Lin
255,2022-03-19 06:09:00,esx-105,srv-8,Jamie Lin
262,2022-03-19 06:09:00,esx-105,server875,Jamie Lin
310,2022-03-19 06:09:00,esx-105,srv-404,Jamie Lin
155,2022-03-19 06:09:00,esx-105,Server-machine-735,Jamie Lin
153,2022-03-19 06:09:00,esx-105,Comp 191,Jamie Lin
53,2022-03-19 06:09:00,esx-105,Server-machine-587,Jamie Lin
52,2022-03-19 06:09:00,esx-105,mac-933,Jamie Lin
51,2022-03-19 06:09:00,esx-105,Server-machine-694,Jamie Lin
50,2022-03-19 06:09:00,esx-105,esx-931,Jamie Lin
49,2022-03-19 06:09:00,esx-105,server125,Jamie Lin
48,2022-03-19 06:09:00,esx-105,comp 566,Jamie Lin
47,2022-03-19 06:09:00,esx-105,Comp 693,Jamie Lin
46,2022-03-19 06:09:00,esx-105,srv-692,Jamie Lin
45,2022-03-19 06:09:00,esx-105,Comp 831,Jamie Lin
44,2022-03-19 06:09:00,esx-105,server501,Jamie Lin
43,2022-03-19 06:09:00,esx-105,Comp 766,Jamie Lin
42,2022-03-19 06:09:00,esx-105,esx-435,Jamie Lin
41,2022-03-19 06:09:00,esx-105,mac-120,Jamie Lin
40,2022-03-19 06:09:00,esx-105,srv-636,Jamie Lin
39,2022-03-19 06:09:00,esx-105,server846,Jamie Lin
54,2022-03-19 06:09:00,esx-105,server317,Jamie Lin
55,2022-03-19 06:09:00,esx-105,srv-272,Jamie Lin
56,2022-03-19 06:09:00,esx-105,Comp 498,Jamie Lin
57,2022-03-19 06:09:00,esx-105,server339,Jamie Lin
73,2022-03-19 06:09:00,esx-105,Mac-401,Jamie Lin
72,2022-03-19 06:09:00,esx-105,comp 509,Jamie Lin
71,2022-03-19 06:09:00,esx-105,mac-333,Jamie Lin
70,2022-03-19 06:09:00,esx-105,esx-810,Jamie Lin
69,2022-03-19 06:09:00,esx-105,server59,Jamie Lin
68,2022-03-19 06:09:00,esx-105,mac-815,Jamie Lin
67,2022-03-19 06:09:00,esx-105,Server-machine-980,Jamie Lin
38,2022-03-19 06:09:00,esx-105,comp 270,Jamie Lin
66,2022-03-19 06:09:00,esx-105,Mac-477,Jamie Lin
64,2022-03-19 06:09:00,esx-105,comp 37,Jamie Lin
63,2022-03-19 06:09:00,esx-105,Mac-127,Jamie Lin
62,2022-03-19 06:09:00,esx-105,Comp 271,Jamie Lin
61,2022-03-19 06:09:00,esx-105,esx-355,Jamie Lin
60,2022-03-19 06:09:00,esx-105,Server-machine-783,Jamie Lin
59,2022-03-19 06:09:00,esx-105,Mac-694,Jamie Lin
58,2022-03-19 06:09:00,esx-105,mac-159,Jamie Lin
65,2022-03-19 06:09:00,esx-105,Comp 55,Jamie Lin
74,2022-03-19 06:09:00,esx-105,esx-841,Jamie Lin
37,2022-03-19 06:09:00,esx-105,srv-127,Jamie Lin
35,2022-03-19 06:09:00,esx-105,Mac-727,Jamie Lin
14,2022-03-19 06:09:00,esx-105,Comp 93,Jamie Lin
13,2022-03-19 06:09:00,esx-105,srv-409,Jamie Lin
12,2022-03-19 06:09:00,esx-105,srv-812,Jamie Lin
11,2022-03-19 06:09:00,esx-105,Server-machine-496,Jamie Lin
10,2022-03-19 06:09:00,esx-105,comp 126,Jamie Lin
9,2022-03-19 06:09:00,esx-105,Server-machine-715,Jamie Lin
8,2022-03-19 06:09:00,esx-105,esx-751,Jamie Lin
7,2022-03-19 06:09:00,esx-105,comp 897,Jamie Lin
6,2022-03-19 06:09:00,esx-105,Comp 868,Jamie Lin
5,2022-03-19 06:09:00,esx-105,mac-363,Jamie Lin
4,2022-03-19 06:09:00,esx-105,Comp 79,Jamie Lin
3,2022-03-19 06:09:00,esx-105,Comp 435,Jamie Lin
2,2022-03-19 06:09:00,esx-105,Comp 788,Jamie Lin
1,2022-03-19 06:09:00,esx-105,mac-414,Jamie Lin
0,2022-03-19 06:09:00,esx-105,Mac-486,Jamie Lin
15,2022-03-19 06:09:00,esx-105,Comp 303,Jamie Lin
16,2022-03-19 06:09:00,esx-105,server11,Jamie Lin
17,2022-03-19 06:09:00,esx-105,server352,Jamie Lin
18,2022-03-19 06:09:00,esx-105,srv-149,Jamie Lin
34,2022-03-19 06:09:00,esx-105,Server-machine-714,Jamie Lin
33,2022-03-19 06:09:00,esx-105,comp 887,Jamie Lin
32,2022-03-19 06:09:00,esx-105,Comp 586,Jamie Lin
31,2022-03-19 06:09:00,esx-105,server227,Jamie Lin
30,2022-03-19 06:09:00,esx-105,mac-42,Jamie Lin
29,2022-03-19 06:09:00,esx-105,server331,Jamie Lin
28,2022-03-19 06:09:00,esx-105,Mac-541,Jamie Lin
36,2022-03-19 06:09:00,esx-105,mac-936,Jamie Lin
27,2022-03-19 06:09:00,esx-105,srv-282,Jamie Lin
25,2022-03-19 06:09:00,esx-105,Server-machine-330,Jamie Lin
24,2022-03-19 06:09:00,esx-105,Comp 100,Jamie Lin
23,2022-03-19 06:09:00,esx-105,comp 222,Jamie Lin
22,2022-03-19 06:09:00,esx-105,comp 41,Jamie Lin
21,2022-03-19 06:09:00,esx-105,mac-10,Jamie Lin
20,2022-03-19 06:09:00,esx-105,server255,Jamie Lin
19,2022-03-19 06:09:00,esx-105,server780,Jamie Lin
26,2022-03-19 06:09:00,esx-105,srv-592,Jamie Lin
75,2022-03-19 06:09:00,esx-105,Server-machine-734,Jamie Lin
76,2022-03-19 06:09:00,esx-105,Server-machine-411,Jamie Lin
77,2022-03-19 06:09:00,esx-105,comp 192,Jamie Lin
132,2022-03-19 06:09:00,esx-105,srv-65,Jamie Lin
131,2022-03-19 06:09:00,esx-105,Server-machine-71,Jamie Lin
130,2022-03-19 06:09:00,esx-105,Comp 243,Jamie Lin
129,2022-03-19 06:09:00,esx-105,mac-199,Jamie Lin
128,2022-03-19 06:09:00,esx-105,Server-machine-872,Jamie Lin
127,2022-03-19 06:09:00,esx-105,esx-910,Jamie Lin
126,2022-03-19 06:09:00,esx-105,Comp 822,Jamie Lin
125,2022-03-19 06:09:00,esx-105,mac-529,Jamie Lin
124,2022-03-19 06:09:00,esx-105,server705,Jamie Lin
123,2022-03-19 06:09:00,esx-105,srv-146,Jamie Lin
122,2022-03-19 06:09:00,esx-105,mac-644,Jamie Lin
121,2022-03-19 06:09:00,esx-105,comp 262,Jamie Lin
120,2022-03-19 06:09:00,esx-105,server745,Jamie Lin
119,2022-03-19 06:09:00,esx-105,mac-130,Jamie Lin
118,2022-03-19 06:09:00,esx-105,Mac-829,Jamie Lin
133,2022-03-19 06:09:00,esx-105,mac-680,Jamie Lin
134,2022-03-19 06:09:00,esx-105,Server-machine-485,Jamie Lin
135,2022-03-19 06:09:00,esx-105,comp 293,Jamie Lin
136,2022-03-19 06:09:00,esx-105,Server-machine-761,Jamie Lin
152,2022-03-19 06:09:00,esx-105,Mac-452,Jamie Lin
151,2022-03-19 06:09:00,esx-105,esx-795,Jamie Lin
150,2022-03-19 06:09:00,esx-105,Comp 98,Jamie Lin
149,2022-03-19 06:09:00,esx-105,esx-208,Jamie Lin
148,2022-03-19 06:09:00,esx-105,Comp 72,Jamie Lin
147,2022-03-19 06:09:00,esx-105,comp 816,Jamie Lin
146,2022-03-19 06:09:00,esx-105,srv-158,Jamie Lin
117,2022-03-19 06:09:00,esx-105,mac-318,Jamie Lin
145,2022-03-19 06:09:00,esx-105,Mac-53,Jamie Lin
143,2022-03-19 06:09:00,esx-105,esx-603,Jamie Lin
142,2022-03-19 06:09:00,esx-105,Server-machine-839,Jamie Lin
141,2022-03-19 06:09:00,esx-105,esx-988,Jamie Lin
140,2022-03-19 06:09:00,esx-105,comp 946,Jamie Lin
139,2022-03-19 06:09:00,esx-105,Server-machine-404,Jamie Lin
138,2022-03-19 06:09:00,esx-105,mac-970,Jamie Lin
137,2022-03-19 06:09:00,esx-105,server340,Jamie Lin
144,2022-03-19 06:09:00,esx-105,Server-machine-487,Jamie Lin
116,2022-03-19 06:09:00,esx-105,server878,Jamie Lin
115,2022-03-19 06:09:00,esx-105,comp 554,Jamie Lin
114,2022-03-19 06:09:00,esx-105,comp 294,Jamie Lin
93,2022-03-19 06:09:00,esx-105,esx-848,Jamie Lin
92,2022-03-19 06:09:00,esx-105,Comp 521,Jamie Lin
91,2022-03-19 06:09:00,esx-105,Comp 847,Jamie Lin
90,2022-03-19 06:09:00,esx-105,srv-497,Jamie Lin
89,2022-03-19 06:09:00,esx-105,srv-27,Jamie Lin
88,2022-03-19 06:09:00,esx-105,Mac-463,Jamie Lin
87,2022-03-19 06:09:00,esx-105,esx-37,Jamie Lin
94,2022-03-19 06:09:00,esx-105,Comp 283,Jamie Lin
86,2022-03-19 06:09:00,esx-105,Mac-385,Jamie Lin
84,2022-03-19 06:09:00,esx-105,comp 691,Jamie Lin
83,2022-03-19 06:09:00,esx-105,Mac-30,Jamie Lin
82,2022-03-19 06:09:00,esx-105,comp 667,Jamie Lin
81,2022-03-19 06:09:00,esx-105,Comp 969,Jamie Lin
80,2022-03-19 06:09:00,esx-105,server322,Jamie Lin
79,2022-03-19 06:09:00,esx-105,mac-170,Jamie Lin
78,2022-03-19 06:09:00,esx-105,Server-machine-432,Jamie Lin
85,2022-03-19 06:09:00,esx-105,srv-137,Jamie Lin
154,2022-03-19 06:09:00,esx-105,comp 468,Jamie Lin
95,2022-03-19 06:09:00,esx-105,Comp 861,Jamie Lin
97,2022-03-19 06:09:00,esx-105,Comp 189,Jamie Lin
113,2022-03-19 06:09:00,esx-105,comp 892,Jamie Lin
112,2022-03-19 06:09:00,esx-105,srv-941,Jamie Lin
111,2022-03-19 06:09:00,esx-105,comp 232,Jamie Lin
110,2022-03-19 06:09:00,esx-105,mac-29,Jamie Lin
109,2022-03-19 06:09:00,esx-105,comp 131,Jamie Lin
108,2022-03-19 06:09:00,esx-105,Comp 867,Jamie Lin
107,2022-03-19 06:09:00,esx-105,comp 260,Jamie Lin
96,2022-03-19 06:09:00,esx-105,Server-machine-773,Jamie Lin
106,2022-03-19 06:09:00,esx-105,Mac-752,Jamie Lin
104,2022-03-19 06:09:00,esx-105,Server-machine-788,Jamie Lin
103,2022-03-19 06:09:00,esx-105,mac-393,Jamie Lin
102,2022-03-19 06:09:00,esx-105,comp 27,Jamie Lin
101,2022-03-19 06:09:00,esx-105,esx-330,Jamie Lin
100,2022-03-19 06:09:00,esx-105,Server-machine-849,Jamie Lin
99,2022-03-19 06:09:00,esx-105,srv-486,Jamie Lin
98,2022-03-19 06:09:00,esx-105,server121,Jamie Lin
105,2022-03-19 06:09:00,esx-105,server709,Jamie Lin
311,2022-03-19 06:09:00,esx-105,esx-186,Jamie Lin
312,2022-03-19 06:09:00,esx-105,Server-machine-648,Jamie Lin
313,2022-03-19 06:09:00,esx-105,mac-181,Jamie Lin
525,2022-03-19 06:09:00,esx-105,comp 756,Jamie Lin
524,2022-03-19 06:09:00,esx-105,Server-machine-997,Jamie Lin
523,2022-03-19 06:09:00,esx-105,comp 73,Jamie Lin
522,2022-03-19 06:09:00,esx-105,Server-machine-163,Jamie Lin
521,2022-03-19 06:09:00,esx-105,mac-161,Jamie Lin
520,2022-03-19 06:09:00,esx-105,Server-machine-572,Jamie Lin
519,2022-03-19 06:09:00,esx-105,Server-machine-812,Jamie Lin
518,2022-03-19 06:09:00,esx-105,server252,Jamie Lin
517,2022-03-19 06:09:00,esx-105,Comp 778,Jamie Lin
516,2022-03-19 06:09:00,esx-105,mac-188,Jamie Lin
515,2022-03-19 06:09:00,esx-105,server556,Jamie Lin
514,2022-03-19 06:09:00,esx-105,Mac-1,Jamie Lin
513,2022-03-19 06:09:00,esx-105,esx-220,Jamie Lin
512,2022-03-19 06:09:00,esx-105,Mac-974,Jamie Lin
511,2022-03-19 06:09:00,esx-105,comp 949,Jamie Lin
526,2022-03-19 06:09:00,esx-105,Mac-512,Jamie Lin
527,2022-03-19 06:09:00,esx-105,Mac-847,Jamie Lin
528,2022-03-19 06:09:00,esx-105,Mac-744,Jamie Lin
529,2022-03-19 06:09:00,esx-105,Comp 666,Jamie Lin
545,2022-03-19 06:09:00,esx-105,Comp 30,Jamie Lin
544,2022-03-19 06:09:00,esx-105,Mac-339,Jamie Lin
543,2022-03-19 06:09:00,esx-105,server191,Jamie Lin
542,2022-03-19 06:09:00,esx-105,mac-517,Jamie Lin
541,2022-03-19 06:09:00,esx-105,esx-329,Jamie Lin
540,2022-03-19 06:09:00,esx-105,Mac-300,Jamie Lin
539,2022-03-19 06:09:00,esx-105,Mac-223,Jamie Lin
510,2022-03-19 06:09:00,esx-105,esx-403,Jamie Lin
538,2022-03-19 06:09:00,esx-105,mac-805,Jamie Lin
536,2022-03-19 06:09:00,esx-105,mac-27,Jamie Lin
535,2022-03-19 06:09:00,esx-105,esx-789,Jamie Lin
534,2022-03-19 06:09:00,esx-105,esx-143,Jamie Lin
533,2022-03-19 06:09:00,esx-105,Mac-854,Jamie Lin
532,2022-03-19 06:09:00,esx-105,comp 438,Jamie Lin
531,2022-03-19 06:09:00,esx-105,srv-678,Jamie Lin
530,2022-03-19 06:09:00,esx-105,server2,Jamie Lin
537,2022-03-19 06:09:00,esx-105,comp 723,Jamie Lin
546,2022-03-19 06:09:00,esx-105,Server-machine-696,Jamie Lin
509,2022-03-19 06:09:00,esx-105,comp 232,Jamie Lin
507,2022-03-19 06:09:00,esx-105,srv-120,Jamie Lin
486,2022-03-19 06:09:00,esx-105,Comp 602,Jamie Lin
485,2022-03-19 06:09:00,esx-105,server255,Jamie Lin
484,2022-03-19 06:09:00,esx-105,esx-271,Jamie Lin
483,2022-03-19 06:09:00,esx-105,esx-183,Jamie Lin
482,2022-03-19 06:09:00,esx-105,Comp 709,Jamie Lin
481,2022-03-19 06:09:00,esx-105,srv-107,Jamie Lin
480,2022-03-19 06:09:00,esx-105,esx-289,Jamie Lin
479,2022-03-19 06:09:00,esx-105,Comp 73,Jamie Lin
478,2022-03-19 06:09:00,esx-105,Comp 443,Jamie Lin
477,2022-03-19 06:09:00,esx-105,Server-machine-213,Jamie Lin
476,2022-03-19 06:09:00,esx-105,comp 692,Jamie Lin
475,2022-03-19 06:09:00,esx-105,Comp 652,Jamie Lin
474,2022-03-19 06:09:00,esx-105,srv-937,Jamie Lin
473,2022-03-19 06:09:00,esx-105,Comp 95,Jamie Lin
472,2022-03-19 06:09:00,esx-105,Comp 888,Jamie Lin
487,2022-03-19 06:09:00,esx-105,mac-691,Jamie Lin
488,2022-03-19 06:09:00,esx-105,mac-226,Jamie Lin
489,2022-03-19 06:09:00,esx-105,Server-machine-498,Jamie Lin
490,2022-03-19 06:09:00,esx-105,server673,Jamie Lin
506,2022-03-19 06:09:00,esx-105,server264,Jamie Lin
505,2022-03-19 06:09:00,esx-105,comp 634,Jamie Lin
504,2022-03-19 06:09:00,esx-105,Mac-240,Jamie Lin
503,2022-03-19 06:09:00,esx-105,esx-723,Jamie Lin
502,2022-03-19 06:09:00,esx-105,Comp 813,Jamie Lin
501,2022-03-19 06:09:00,esx-105,Server-machine-345,Jamie Lin
500,2022-03-19 06:09:00,esx-105,comp 21,Jamie Lin
508,2022-03-19 06:09:00,esx-105,Comp 588,Jamie Lin
499,2022-03-19 06:09:00,esx-105,esx-157,Jamie Lin
497,2022-03-19 06:09:00,esx-105,server673,Jamie Lin
496,2022-03-19 06:09:00,esx-105,srv-80,Jamie Lin
495,2022-03-19 06:09:00,esx-105,mac-414,Jamie Lin
494,2022-03-19 06:09:00,esx-105,Server-machine-18,Jamie Lin
493,2022-03-19 06:09:00,esx-105,Comp 751,Jamie Lin
492,2022-03-19 06:09:00,esx-105,Mac-284,Jamie Lin
491,2022-03-19 06:09:00,esx-105,Mac-798,Jamie Lin
498,2022-03-19 06:09:00,esx-105,Server-machine-254,Jamie Lin
547,2022-03-19 06:09:00,esx-105,mac-212,Jamie Lin
548,2022-03-19 06:09:00,esx-105,mac-362,Jamie Lin
549,2022-03-19 06:09:00,esx-105,srv-410,Jamie Lin
604,2022-03-19 06:09:00,esx-105,comp 742,Jamie Lin
603,2022-03-19 06:09:00,esx-105,server936,Jamie Lin
602,2022-03-19 06:09:00,esx-105,Comp 610,Jamie Lin
601,2022-03-19 06:09:00,esx-105,Server-machine-478,Jamie Lin
600,2022-03-19 06:09:00,esx-105,Comp 63,Jamie Lin
599,2022-03-19 06:09:00,esx-105,Comp 493,Jamie Lin
598,2022-03-19 06:09:00,esx-105,Comp 663,Jamie Lin
597,2022-03-19 06:09:00,esx-105,Server-machine-737,Jamie Lin
596,2022-03-19 06:09:00,esx-105,esx-992,Jamie Lin
595,2022-03-19 06:09:00,esx-105,server161,Jamie Lin
594,2022-03-19 06:09:00,esx-105,comp 368,Jamie Lin
593,2022-03-19 06:09:00,esx-105,mac-363,Jamie Lin
592,2022-03-19 06:09:00,esx-105,mac-458,Jamie Lin
591,2022-03-19 06:09:00,esx-105,Comp 516,Jamie Lin
590,2022-03-19 06:09:00,esx-105,esx-976,Jamie Lin
605,2022-03-19 06:09:00,esx-105,Comp 58,Jamie Lin
606,2022-03-19 06:09:00,esx-105,Comp 129,Jamie Lin
607,2022-03-19 06:09:00,esx-105,server878,Jamie Lin
608,2022-03-19 06:09:00,esx-105,comp 142,Jamie Lin
624,2022-03-19 06:09:00,esx-105,comp 775,Jamie Lin
623,2022-03-19 06:09:00,esx-105,comp 905,Jamie Lin
622,2022-03-19 06:09:00,esx-105,srv-790,Jamie Lin
621,2022-03-19 06:09:00,esx-105,Server-machine-653,Jamie Lin
620,2022-03-19 06:09:00,esx-105,Server-machine-937,Jamie Lin
619,2022-03-19 06:09:00,esx-105,Comp 987,Jamie Lin
618,2022-03-19 06:09:00,esx-105,Server-machine-563,Jamie Lin
589,2022-03-19 06:09:00,esx-105,comp 680,Jamie Lin
617,2022-03-19 06:09:00,esx-105,srv-755,Jamie Lin
615,2022-03-19 06:09:00,esx-105,comp 884,Jamie Lin
614,2022-03-19 06:09:00,esx-105,Comp 137,Jamie Lin
613,2022-03-19 06:09:00,esx-105,Server-machine-575,Jamie Lin
612,2022-03-19 06:09:00,esx-105,comp 52,Jamie Lin
611,2022-03-19 06:09:00,esx-105,Server-machine-253,Jamie Lin
610,2022-03-19 06:09:00,esx-105,Mac-29,Jamie Lin
609,2022-03-19 06:09:00,esx-105,server37,Jamie Lin
616,2022-03-19 06:09:00,esx-105,Server-machine-747,Jamie Lin
588,2022-03-19 06:09:00,esx-105,mac-937,Jamie Lin
587,2022-03-19 06:09:00,esx-105,esx-884,Jamie Lin
586,2022-03-19 06:09:00,esx-105,srv-500,Jamie Lin
565,2022-03-19 06:09:00,esx-105,mac-356,Jamie Lin
564,2022-03-19 06:09:00,esx-105,Mac-438,Jamie Lin
563,2022-03-19 06:09:00,esx-105,Mac-334,Jamie Lin
562,2022-03-19 06:09:00,esx-105,Server-machine-259,Jamie Lin
561,2022-03-19 06:09:00,esx-105,esx-119,Jamie Lin
560,2022-03-19 06:09:00,esx-105,Mac-840,Jamie Lin
559,2022-03-19 06:09:00,esx-105,comp 712,Jamie Lin
566,2022-03-19 06:09:00,esx-105,esx-279,Jamie Lin
558,2022-03-19 06:09:00,esx-105,srv-336,Jamie Lin
556,2022-03-19 06:09:00,esx-105,mac-879,Jamie Lin
555,2022-03-19 06:09:00,esx-105,Mac-856,Jamie Lin
554,2022-03-19 06:09:00,esx-105,comp 800,Jamie Lin
553,2022-03-19 06:09:00,esx-105,server742,Jamie Lin
552,2022-03-19 06:09:00,esx-105,mac-947,Jamie Lin
551,2022-03-19 06:09:00,esx-105,server692,Jamie Lin
550,2022-03-19 06:09:00,esx-105,mac-36,Jamie Lin
557,2022-03-19 06:09:00,esx-105,server103,Jamie Lin
471,2022-03-19 06:09:00,esx-105,comp 591,Jamie Lin
567,2022-03-19 06:09:00,esx-105,Mac-505,Jamie Lin
569,2022-03-19 06:09:00,esx-105,comp 663,Jamie Lin
585,2022-03-19 06:09:00,esx-105,comp 687,Jamie Lin
584,2022-03-19 06:09:00,esx-105,server17,Jamie Lin
583,2022-03-19 06:09:00,esx-105,Comp 646,Jamie Lin
582,2022-03-19 06:09:00,esx-105,comp 255,Jamie Lin
581,2022-03-19 06:09:00,esx-105,Server-machine-925,Jamie Lin
580,2022-03-19 06:09:00,esx-105,server817,Jamie Lin
579,2022-03-19 06:09:00,esx-105,srv-38,Jamie Lin
568,2022-03-19 06:09:00,esx-105,mac-126,Jamie Lin
578,2022-03-19 06:09:00,esx-105,comp 113,Jamie Lin
576,2022-03-19 06:09:00,esx-105,mac-283,Jamie Lin
575,2022-03-19 06:09:00,esx-105,Mac-839,Jamie Lin
574,2022-03-19 06:09:00,esx-105,server296,Jamie Lin
573,2022-03-19 06:09:00,esx-105,esx-43,Jamie Lin
572,2022-03-19 06:09:00,esx-105,Mac-391,Jamie Lin
571,2022-03-19 06:09:00,esx-105,Comp 555,Jamie Lin
570,2022-03-19 06:09:00,esx-105,Mac-642,Jamie Lin
577,2022-03-19 06:09:00,esx-105,mac-410,Jamie Lin
470,2022-03-19 06:09:00,esx-105,Comp 175,Jamie Lin
469,2022-03-19 06:09:00,esx-105,mac-873,Jamie Lin
468,2022-03-19 06:09:00,esx-105,srv-264,Jamie Lin
368,2022-03-19 06:09:00,esx-105,esx-676,Jamie Lin
367,2022-03-19 06:09:00,esx-105,Mac-50,Jamie Lin
366,2022-03-19 06:09:00,esx-105,srv-472,Jamie Lin
365,2022-03-19 06:09:00,esx-105,Comp 521,Jamie Lin
364,2022-03-19 06:09:00,esx-105,Mac-370,Jamie Lin
363,2022-03-19 06:09:00,esx-105,mac-562,Jamie Lin
362,2022-03-19 06:09:00,esx-105,Comp 734,Jamie Lin
361,2022-03-19 06:09:00,esx-105,comp 638,Jamie Lin
360,2022-03-19 06:09:00,esx-105,Comp 258,Jamie Lin
359,2022-03-19 06:09:00,esx-105,comp 579,Jamie Lin
358,2022-03-19 06:09:00,esx-105,server448,Jamie Lin
357,2022-03-19 06:09:00,esx-105,Server-machine-54,Jamie Lin
356,2022-03-19 06:09:00,esx-105,Comp 719,Jamie Lin
355,2022-03-19 06:09:00,esx-105,esx-733,Jamie Lin
354,2022-03-19 06:09:00,esx-105,mac-409,Jamie Lin
369,2022-03-19 06:09:00,esx-105,srv-332,Jamie Lin
370,2022-03-19 06:09:00,esx-105,esx-720,Jamie Lin
371,2022-03-19 06:09:00,esx-105,Server-machine-427,Jamie Lin
372,2022-03-19 06:09:00,esx-105,srv-178,Jamie Lin
388,2022-03-19 06:09:00,esx-105,comp 727,Jamie Lin
387,2022-03-19 06:09:00,esx-105,mac-689,Jamie Lin
386,2022-03-19 06:09:00,esx-105,Server-machine-54,Jamie Lin
385,2022-03-19 06:09:00,esx-105,Server-machine-41,Jamie Lin
384,2022-03-19 06:09:00,esx-105,server207,Jamie Lin
383,2022-03-19 06:09:00,esx-105,server341,Jamie Lin
382,2022-03-19 06:09:00,esx-105,Mac-573,Jamie Lin
353,2022-03-19 06:09:00,esx-105,Mac-395,Jamie Lin
381,2022-03-19 06:09:00,esx-105,srv-608,Jamie Lin
379,2022-03-19 06:09:00,esx-105,esx-485,Jamie Lin
378,2022-03-19 06:09:00,esx-105,Comp 99,Jamie Lin
377,2022-03-19 06:09:00,esx-105,esx-178,Jamie Lin
376,2022-03-19 06:09:00,esx-105,Server-machine-406,Jamie Lin
375,2022-03-19 06:09:00,esx-105,comp 80,Jamie Lin
1254,2022-03-19 06:09:00,esx-105,srv-715,Jamie Lin
373,2022-03-19 06:09:00,esx-105,Mac-527,Jamie Lin
380,2022-03-19 06:09:00,esx-105,esx-704,Jamie Lin
352,2022-03-19 06:09:00,esx-105,Comp 732,Jamie Lin
351,2022-03-19 06:09:00,esx-105,srv-624,Jamie Lin
350,2022-03-19 06:09:00,esx-105,Mac-554,Jamie Lin
329,2022-03-19 06:09:00,esx-105,Comp 232,Jamie Lin
328,2022-03-19 06:09:00,esx-105,esx-77,Jamie Lin
327,2022-03-19 06:09:00,esx-105,server452,Jamie Lin
326,2022-03-19 06:09:00,esx-105,esx-280,Jamie Lin
325,2022-03-19 06:09:00,esx-105,Server-machine-90,Jamie Lin
324,2022-03-19 06:09:00,esx-105,server869,Jamie Lin
323,2022-03-19 06:09:00,esx-105,Mac-522,Jamie Lin
330,2022-03-19 06:09:00,esx-105,Comp 186,Jamie Lin
322,2022-03-19 06:09:00,esx-105,server604,Jamie Lin
320,2022-03-19 06:09:00,esx-105,comp 775,Jamie Lin
319,2022-03-19 06:09:00,esx-105,Server-machine-919,Jamie Lin
318,2022-03-19 06:09:00,esx-105,Mac-649,Jamie Lin
317,2022-03-19 06:09:00,esx-105,Server-machine-495,Jamie Lin
316,2022-03-19 06:09:00,esx-105,Comp 165,Jamie Lin
315,2022-03-19 06:09:00,esx-105,Comp 968,Jamie Lin
314,2022-03-19 06:09:00,esx-105,comp 360,Jamie Lin
321,2022-03-19 06:09:00,esx-105,srv-536,Jamie Lin
389,2022-03-19 06:09:00,esx-105,comp 844,Jamie Lin
331,2022-03-19 06:09:00,esx-105,esx-347,Jamie Lin
333,2022-03-19 06:09:00,esx-105,comp 702,Jamie Lin
349,2022-03-19 06:09:00,esx-105,comp 926,Jamie Lin
348,2022-03-19 06:09:00,esx-105,srv-701,Jamie Lin
347,2022-03-19 06:09:00,esx-105,esx-332,Jamie Lin
346,2022-03-19 06:09:00,esx-105,srv-459,Jamie Lin
345,2022-03-19 06:09:00,esx-105,mac-602,Jamie Lin
344,2022-03-19 06:09:00,esx-105,Mac-154,Jamie Lin
343,2022-03-19 06:09:00,esx-105,comp 409,Jamie Lin
332,2022-03-19 06:09:00,esx-105,srv-191,Jamie Lin
342,2022-03-19 06:09:00,esx-105,server743,Jamie Lin
340,2022-03-19 06:09:00,esx-105,Comp 433,Jamie Lin
339,2022-03-19 06:09:00,esx-105,Mac-360,Jamie Lin
338,2022-03-19 06:09:00,esx-105,mac-357,Jamie Lin
337,2022-03-19 06:09:00,esx-105,Server-machine-361,Jamie Lin
336,2022-03-19 06:09:00,esx-105,server801,Jamie Lin
335,2022-03-19 06:09:00,esx-105,Server-machine-875,Jamie Lin
334,2022-03-19 06:09:00,esx-105,server614,Jamie Lin
341,2022-03-19 06:09:00,esx-105,Server-machine-749,Jamie Lin
626,2022-03-19 06:09:00,esx-105,mac-446,Jamie Lin
390,2022-03-19 06:09:00,esx-105,Comp 2,Jamie Lin
392,2022-03-19 06:09:00,esx-105,esx-938,Jamie Lin
447,2022-03-19 06:09:00,esx-105,mac-567,Jamie Lin
446,2022-03-19 06:09:00,esx-105,Comp 404,Jamie Lin
445,2022-03-19 06:09:00,esx-105,Mac-962,Jamie Lin
444,2022-03-19 06:09:00,esx-105,mac-580,Jamie Lin
443,2022-03-19 06:09:00,esx-105,Comp 111,Jamie Lin
442,2022-03-19 06:09:00,esx-105,esx-212,Jamie Lin
441,2022-03-19 06:09:00,esx-105,comp 167,Jamie Lin
440,2022-03-19 06:09:00,esx-105,server795,Jamie Lin
439,2022-03-19 06:09:00,esx-105,Comp 247,Jamie Lin
438,2022-03-19 06:09:00,esx-105,server320,Jamie Lin
437,2022-03-19 06:09:00,esx-105,mac-597,Jamie Lin
436,2022-03-19 06:09:00,esx-105,esx-138,Jamie Lin
435,2022-03-19 06:09:00,esx-105,Mac-205,Jamie Lin
434,2022-03-19 06:09:00,esx-105,server268,Jamie Lin
433,2022-03-19 06:09:00,esx-105,Mac-627,Jamie Lin
448,2022-03-19 06:09:00,esx-105,Comp 622,Jamie Lin
449,2022-03-19 06:09:00,esx-105,Server-machine-385,Jamie Lin
450,2022-03-19 06:09:00,esx-105,mac-232,Jamie Lin
451,2022-03-19 06:09:00,esx-105,server321,Jamie Lin
467,2022-03-19 06:09:00,esx-105,srv-912,Jamie Lin
466,2022-03-19 06:09:00,esx-105,comp 379,Jamie Lin
465,2022-03-19 06:09:00,esx-105,Mac-617,Jamie Lin
464,2022-03-19 06:09:00,esx-105,esx-201,Jamie Lin
463,2022-03-19 06:09:00,esx-105,Comp 387,Jamie Lin
462,2022-03-19 06:09:00,esx-105,srv-309,Jamie Lin
461,2022-03-19 06:09:00,esx-105,Mac-80,Jamie Lin
432,2022-03-19 06:09:00,esx-105,Server-machine-173,Jamie Lin
460,2022-03-19 06:09:00,esx-105,comp 709,Jamie Lin
458,2022-03-19 06:09:00,esx-105,Mac-436,Jamie Lin
457,2022-03-19 06:09:00,esx-105,mac-398,Jamie Lin
456,2022-03-19 06:09:00,esx-105,Server-machine-295,Jamie Lin
455,2022-03-19 06:09:00,esx-105,esx-818,Jamie Lin
454,2022-03-19 06:09:00,esx-105,Comp 706,Jamie Lin
453,2022-03-19 06:09:00,esx-105,comp 966,Jamie Lin
452,2022-03-19 06:09:00,esx-105,mac-369,Jamie Lin
459,2022-03-19 06:09:00,esx-105,esx-263,Jamie Lin
431,2022-03-19 06:09:00,esx-105,Server-machine-431,Jamie Lin
430,2022-03-19 06:09:00,esx-105,comp 239,Jamie Lin
429,2022-03-19 06:09:00,esx-105,Comp 822,Jamie Lin
408,2022-03-19 06:09:00,esx-105,srv-379,Jamie Lin
407,2022-03-19 06:09:00,esx-105,srv-879,Jamie Lin
406,2022-03-19 06:09:00,esx-105,esx-268,Jamie Lin
405,2022-03-19 06:09:00,esx-105,esx-403,Jamie Lin
404,2022-03-19 06:09:00,esx-105,Server-machine-82,Jamie Lin
403,2022-03-19 06:09:00,esx-105,comp 253,Jamie Lin
402,2022-03-19 06:09:00,esx-105,mac-242,Jamie Lin
409,2022-03-19 06:09:00,esx-105,Mac-113,Jamie Lin
401,2022-03-19 06:09:00,esx-105,Mac-494,Jamie Lin
399,2022-03-19 06:09:00,esx-105,Server-machine-403,Jamie Lin
398,2022-03-19 06:09:00,esx-105,mac-477,Jamie Lin
397,2022-03-19 06:09:00,esx-105,srv-763,Jamie Lin
396,2022-03-19 06:09:00,esx-105,mac-59,Jamie Lin
395,2022-03-19 06:09:00,esx-105,Comp 696,Jamie Lin
394,2022-03-19 06:09:00,esx-105,mac-256,Jamie Lin
393,2022-03-19 06:09:00,esx-105,esx-358,Jamie Lin
400,2022-03-19 06:09:00,esx-105,Comp 717,Jamie Lin
391,2022-03-19 06:09:00,esx-105,Mac-17,Jamie Lin
410,2022-03-19 06:09:00,esx-105,comp 507,Jamie Lin
412,2022-03-19 06:09:00,esx-105,Comp 612,Jamie Lin
428,2022-03-19 06:09:00,esx-105,Server-machine-318,Jamie Lin
427,2022-03-19 06:09:00,esx-105,comp 184,Jamie Lin
426,2022-03-19 06:09:00,esx-105,Server-machine-537,Jamie Lin
425,2022-03-19 06:09:00,esx-105,srv-451,Jamie Lin
424,2022-03-19 06:09:00,esx-105,Comp 836,Jamie Lin
423,2022-03-19 06:09:00,esx-105,esx-691,Jamie Lin
422,2022-03-19 06:09:00,esx-105,Server-machine-71,Jamie Lin
411,2022-03-19 06:09:00,esx-105,Server-machine-784,Jamie Lin
421,2022-03-19 06:09:00,esx-105,mac-921,Jamie Lin
419,2022-03-19 06:09:00,esx-105,server977,Jamie Lin
418,2022-03-19 06:09:00,esx-105,esx-901,Jamie Lin
417,2022-03-19 06:09:00,esx-105,server106,Jamie Lin
416,2022-03-19 06:09:00,esx-105,srv-926,Jamie Lin
415,2022-03-19 06:09:00,esx-105,Server-machine-413,Jamie Lin
414,2022-03-19 06:09:00,esx-105,comp 921,Jamie Lin
413,2022-03-19 06:09:00,esx-105,esx-999,Jamie Lin
420,2022-03-19 06:09:00,esx-105,comp 639,Jamie Lin
1255,2022-03-19 06:09:00,esx-105,mac-991,Jamie Lin
